date,temp,condition,wind,batter_name,batter,stand,pitcher_name,pitcher,pthrows,events,description,des,home_team,away_team,gamepk,inning,topbot,abnum,id,venue,home_score,away_score
2010-11-01,68,Clear,"4 mph, Out To CF",Andres Torres,400083,R,Cliff Lee,424324,L,Strikeout,strikeout,"Andres Torres strikes out swinging, catcher Bengie Molina to first baseman Mitch Moreland.",TEX,SF,286351,1,top,0,286351-400083-424324-1-0-4,Rangers Ballpark in Arlington,0,0
2010-11-01,68,Clear,"4 mph, Out To CF",Freddy Sanchez,408108,R,Cliff Lee,424324,L,Groundout,field_out,"Freddy Sanchez grounds out, shortstop Elvis Andrus to first baseman Mitch Moreland.",TEX,SF,286351,1,top,1,286351-408108-424324-1-1-4,Rangers Ballpark in Arlington,0,0
2010-11-01,68,Clear,"4 mph, Out To CF",Buster Posey,457763,R,Cliff Lee,424324,L,Single,single,Buster Posey singles on a line drive to right fielder Nelson Cruz.,TEX,SF,286351,1,top,2,286351-457763-424324-1-2-1,Rangers Ballpark in Arlington,0,0
2010-11-01,68,Clear,"4 mph, Out To CF",Cody Ross,425496,R,Cliff Lee,424324,L,Pop Out,field_out,Cody Ross pops out to shortstop Elvis Andrus.,TEX,SF,286351,1,top,3,286351-425496-424324-1-3-1,Rangers Ballpark in Arlington,0,0
2010-11-01,68,Clear,"4 mph, Out To CF",Elvis Andrus,462101,R,Tim Lincecum,453311,R,Groundout,field_out,"Elvis Andrus grounds out, pitcher Tim Lincecum to first baseman Aubrey Huff.",TEX,SF,286351,1,bottom,4,286351-462101-453311-1-4-2,Rangers Ballpark in Arlington,0,0
2010-11-01,68,Clear,"4 mph, Out To CF",Michael Young,276545,R,Tim Lincecum,453311,R,Flyout,field_out,Michael Young flies out to right fielder Andres Torres.,TEX,SF,286351,1,bottom,5,286351-276545-453311-1-5-6,Rangers Ballpark in Arlington,0,0
2010-11-01,68,Clear,"4 mph, Out To CF",Josh Hamilton,285078,L,Tim Lincecum,453311,R,Groundout,field_out,Josh Hamilton grounds out to first baseman Aubrey Huff.,TEX,SF,286351,1,bottom,6,286351-285078-453311-1-6-5,Rangers Ballpark in Arlington,0,0
2010-11-01,68,Clear,"4 mph, Out To CF",Juan Uribe,346874,R,Cliff Lee,424324,L,Strikeout,strikeout,Juan Uribe strikes out swinging.,TEX,SF,286351,2,top,7,286351-346874-424324-2-7-8,Rangers Ballpark in Arlington,0,0
2010-11-01,68,Clear,"4 mph, Out To CF",Aubrey Huff,333492,L,Cliff Lee,424324,L,Groundout,field_out,"Aubrey Huff grounds out, second baseman Ian Kinsler to first baseman Mitch Moreland.",TEX,SF,286351,2,top,8,286351-333492-424324-2-8-2,Rangers Ballpark in Arlington,0,0
2010-11-01,68,Clear,"4 mph, Out To CF",Pat Burrell,150100,R,Cliff Lee,424324,L,Lineout,field_out,Pat Burrell lines out to left fielder David Murphy.,TEX,SF,286351,2,top,9,286351-150100-424324-2-9-5,Rangers Ballpark in Arlington,0,0
2010-11-01,68,Clear,"4 mph, Out To CF",Vladimir Guerrero,115223,R,Tim Lincecum,453311,R,Flyout,field_out,Vladimir Guerrero flies out to right fielder Andres Torres.,TEX,SF,286351,2,bottom,10,286351-115223-453311-2-10-1,Rangers Ballpark in Arlington,0,0
2010-11-01,68,Clear,"4 mph, Out To CF",Nelson Cruz,443558,R,Tim Lincecum,453311,R,Groundout,field_out,"Nelson Cruz grounds out, second baseman Freddy Sanchez to first baseman Aubrey Huff.",TEX,SF,286351,2,bottom,11,286351-443558-453311-2-11-1,Rangers Ballpark in Arlington,0,0
2010-11-01,68,Clear,"4 mph, Out To CF",Ian Kinsler,435079,R,Tim Lincecum,453311,R,Groundout,field_out,"Ian Kinsler grounds out, third baseman Juan Uribe to first baseman Aubrey Huff.",TEX,SF,286351,2,bottom,12,286351-435079-453311-2-12-4,Rangers Ballpark in Arlington,0,0
2010-11-01,68,Clear,"4 mph, Out To CF",Edgar Renteria,121074,R,Cliff Lee,424324,L,Pop Out,field_out,Edgar Renteria pops out to second baseman Ian Kinsler.,TEX,SF,286351,3,top,13,286351-121074-424324-3-13-1,Rangers Ballpark in Arlington,0,0
2010-11-01,68,Clear,"4 mph, Out To CF",Aaron Rowand,400023,R,Cliff Lee,424324,L,Lineout,field_out,Aaron Rowand lines out to left fielder David Murphy.,TEX,SF,286351,3,top,14,286351-400023-424324-3-14-3,Rangers Ballpark in Arlington,0,0
2010-11-01,68,Clear,"4 mph, Out To CF",Andres Torres,400083,R,Cliff Lee,424324,L,Single,single,Andres Torres singles on a ground ball to center fielder Josh Hamilton.,TEX,SF,286351,3,top,15,286351-400083-424324-3-15-1,Rangers Ballpark in Arlington,0,0
2010-11-01,68,Clear,"4 mph, Out To CF",Freddy Sanchez,408108,R,Cliff Lee,424324,L,Lineout,field_out,Freddy Sanchez lines out sharply to pitcher Cliff Lee.,TEX,SF,286351,3,top,16,286351-408108-424324-3-16-4,Rangers Ballpark in Arlington,0,0
2010-11-01,68,Clear,"4 mph, Out To CF",David Murphy,461815,L,Tim Lincecum,453311,R,Strikeout,strikeout,David Murphy strikes out swinging.,TEX,SF,286351,3,bottom,17,286351-461815-453311-3-17-3,Rangers Ballpark in Arlington,0,0
2010-11-01,68,Clear,"4 mph, Out To CF",Bengie Molina,134260,R,Tim Lincecum,453311,R,Strikeout,strikeout,Bengie Molina strikes out swinging.,TEX,SF,286351,3,bottom,18,286351-134260-453311-3-18-3,Rangers Ballpark in Arlington,0,0
2010-11-01,68,Clear,"4 mph, Out To CF",Mitch Moreland,519048,L,Tim Lincecum,453311,R,Walk,walk,Mitch Moreland walks.,TEX,SF,286351,3,bottom,19,286351-519048-453311-3-19-5,Rangers Ballpark in Arlington,0,0
2010-11-01,68,Clear,"4 mph, Out To CF",Elvis Andrus,462101,R,Tim Lincecum,453311,R,Strikeout,strikeout,Elvis Andrus strikes out on a foul tip.,TEX,SF,286351,3,bottom,20,286351-462101-453311-3-20-4,Rangers Ballpark in Arlington,0,0
2010-11-01,68,Clear,"4 mph, Out To CF",Buster Posey,457763,R,Cliff Lee,424324,L,Groundout,field_out,"Buster Posey grounds out, third baseman Michael Young to first baseman Mitch Moreland.",TEX,SF,286351,4,top,21,286351-457763-424324-4-21-11,Rangers Ballpark in Arlington,0,0
2010-11-01,68,Clear,"4 mph, Out To CF",Cody Ross,425496,R,Cliff Lee,424324,L,Strikeout,strikeout,Cody Ross strikes out swinging.,TEX,SF,286351,4,top,22,286351-425496-424324-4-22-4,Rangers Ballpark in Arlington,0,0
2010-11-01,68,Clear,"4 mph, Out To CF",Juan Uribe,346874,R,Cliff Lee,424324,L,Flyout,field_out,Juan Uribe flies out to center fielder Josh Hamilton.,TEX,SF,286351,4,top,23,286351-346874-424324-4-23-3,Rangers Ballpark in Arlington,0,0
2010-11-01,68,Clear,"4 mph, Out To CF",Michael Young,276545,R,Tim Lincecum,453311,R,Single,single,Michael Young singles on a ground ball to center fielder Aaron Rowand.,TEX,SF,286351,4,bottom,24,286351-276545-453311-4-24-6,Rangers Ballpark in Arlington,0,0
2010-11-01,68,Clear,"4 mph, Out To CF",Josh Hamilton,285078,L,Tim Lincecum,453311,R,Strikeout,strikeout,Josh Hamilton strikes out swinging.,TEX,SF,286351,4,bottom,25,286351-285078-453311-4-25-7,Rangers Ballpark in Arlington,0,0
2010-11-01,68,Clear,"4 mph, Out To CF",Vladimir Guerrero,115223,R,Tim Lincecum,453311,R,Forceout,force_out,"Vladimir Guerrero grounds into a force out, shortstop Edgar Renteria to second baseman Freddy Sanchez.   Michael Young out at 2nd.    Vladimir Guerrero to 1st.",TEX,SF,286351,4,bottom,26,286351-115223-453311-4-26-1,Rangers Ballpark in Arlington,0,0
2010-11-01,68,Clear,"4 mph, Out To CF",Nelson Cruz,443558,R,Tim Lincecum,453311,R,Strikeout,strikeout,Nelson Cruz strikes out swinging.,TEX,SF,286351,4,bottom,27,286351-443558-453311-4-27-5,Rangers Ballpark in Arlington,0,0
2010-11-01,68,Clear,"4 mph, Out To CF",Aubrey Huff,333492,L,Cliff Lee,424324,L,Field Error,field_error,"Aubrey Huff reaches on a missed catch error by first baseman Mitch Moreland, assist to second baseman Ian Kinsler.",TEX,SF,286351,5,top,28,286351-333492-424324-5-28-3,Rangers Ballpark in Arlington,0,0
2010-11-01,68,Clear,"4 mph, Out To CF",Pat Burrell,150100,R,Cliff Lee,424324,L,Strikeout,strikeout,Pat Burrell strikes out on a foul tip.,TEX,SF,286351,5,top,29,286351-150100-424324-5-29-4,Rangers Ballpark in Arlington,0,0
2010-11-01,68,Clear,"4 mph, Out To CF",Edgar Renteria,121074,R,Cliff Lee,424324,L,Grounded Into DP,grounded_into_double_play,"Edgar Renteria grounds into a double play, shortstop Elvis Andrus to second baseman Ian Kinsler to first baseman Mitch Moreland.   Aubrey Huff out at 2nd.    Edgar Renteria out at 1st.",TEX,SF,286351,5,top,30,286351-121074-424324-5-30-6,Rangers Ballpark in Arlington,0,0
2010-11-01,68,Clear,"4 mph, Out To CF",Ian Kinsler,435079,R,Tim Lincecum,453311,R,Groundout,field_out,"Ian Kinsler grounds out, second baseman Freddy Sanchez to first baseman Aubrey Huff.",TEX,SF,286351,5,bottom,31,286351-435079-453311-5-31-2,Rangers Ballpark in Arlington,0,0
2010-11-01,68,Clear,"4 mph, Out To CF",David Murphy,461815,L,Tim Lincecum,453311,R,Strikeout,strikeout,David Murphy strikes out swinging.,TEX,SF,286351,5,bottom,32,286351-461815-453311-5-32-3,Rangers Ballpark in Arlington,0,0
2010-11-01,68,Clear,"4 mph, Out To CF",Bengie Molina,134260,R,Tim Lincecum,453311,R,Groundout,field_out,"Bengie Molina grounds out, pitcher Tim Lincecum to first baseman Aubrey Huff.",TEX,SF,286351,5,bottom,33,286351-134260-453311-5-33-3,Rangers Ballpark in Arlington,0,0
2010-11-01,68,Clear,"4 mph, Out To CF",Aaron Rowand,400023,R,Cliff Lee,424324,L,Strikeout,strikeout,Aaron Rowand called out on strikes.,TEX,SF,286351,6,top,34,286351-400023-424324-6-34-3,Rangers Ballpark in Arlington,0,0
2010-11-01,68,Clear,"4 mph, Out To CF",Andres Torres,400083,R,Cliff Lee,424324,L,Groundout,field_out,"Andres Torres grounds out, shortstop Elvis Andrus to first baseman Mitch Moreland.",TEX,SF,286351,6,top,35,286351-400083-424324-6-35-5,Rangers Ballpark in Arlington,0,0
2010-11-01,68,Clear,"4 mph, Out To CF",Freddy Sanchez,408108,R,Cliff Lee,424324,L,Single,single,Freddy Sanchez singles on a soft fly ball to right fielder Nelson Cruz.,TEX,SF,286351,6,top,36,286351-408108-424324-6-36-3,Rangers Ballpark in Arlington,0,0
2010-11-01,68,Clear,"4 mph, Out To CF",Buster Posey,457763,R,Cliff Lee,424324,L,Flyout,field_out,Buster Posey flies out to right fielder Nelson Cruz.,TEX,SF,286351,6,top,37,286351-457763-424324-6-37-1,Rangers Ballpark in Arlington,0,0
2010-11-01,68,Clear,"4 mph, Out To CF",Mitch Moreland,519048,L,Tim Lincecum,453311,R,Single,single,Mitch Moreland singles on a ground ball to center fielder Aaron Rowand.,TEX,SF,286351,6,bottom,38,286351-519048-453311-6-38-3,Rangers Ballpark in Arlington,0,0
2010-11-01,68,Clear,"4 mph, Out To CF",Elvis Andrus,462101,R,Tim Lincecum,453311,R,Flyout,field_out,Elvis Andrus flies out to center fielder Aaron Rowand.,TEX,SF,286351,6,bottom,39,286351-462101-453311-6-39-1,Rangers Ballpark in Arlington,0,0
2010-11-01,68,Clear,"4 mph, Out To CF",Michael Young,276545,R,Tim Lincecum,453311,R,Lineout,field_out,Michael Young lines out to center fielder Aaron Rowand.,TEX,SF,286351,6,bottom,40,286351-276545-453311-6-40-1,Rangers Ballpark in Arlington,0,0
2010-11-01,68,Clear,"4 mph, Out To CF",Josh Hamilton,285078,L,Tim Lincecum,453311,R,Groundout,field_out,"Josh Hamilton grounds out, second baseman Freddy Sanchez to first baseman Aubrey Huff.",TEX,SF,286351,6,bottom,41,286351-285078-453311-6-41-2,Rangers Ballpark in Arlington,0,0
2010-11-01,68,Clear,"4 mph, Out To CF",Cody Ross,425496,R,Cliff Lee,424324,L,Single,single,Cody Ross singles on a ground ball to center fielder Josh Hamilton.,TEX,SF,286351,7,top,42,286351-425496-424324-7-42-5,Rangers Ballpark in Arlington,0,0
2010-11-01,68,Clear,"4 mph, Out To CF",Juan Uribe,346874,R,Cliff Lee,424324,L,Single,single,Juan Uribe singles on a line drive to center fielder Josh Hamilton.   Cody Ross to 2nd.,TEX,SF,286351,7,top,43,286351-346874-424324-7-43-3,Rangers Ballpark in Arlington,0,0
2010-11-01,68,Clear,"4 mph, Out To CF",Aubrey Huff,333492,L,Cliff Lee,424324,L,Sac Bunt,sac_bunt,"Aubrey Huff out on a sacrifice bunt, pitcher Cliff Lee to first baseman Mitch Moreland.   Cody Ross to 3rd.    Juan Uribe to 2nd.",TEX,SF,286351,7,top,44,286351-333492-424324-7-44-1,Rangers Ballpark in Arlington,0,0
2010-11-01,68,Clear,"4 mph, Out To CF",Pat Burrell,150100,R,Cliff Lee,424324,L,Strikeout,strikeout,Pat Burrell strikes out swinging.,TEX,SF,286351,7,top,45,286351-150100-424324-7-45-7,Rangers Ballpark in Arlington,0,0
2010-11-01,68,Clear,"4 mph, Out To CF",Edgar Renteria,121074,R,Cliff Lee,424324,L,Home Run,home_run,Edgar Renteria homers (4) on a fly ball to left center field.   Cody Ross scores.    Juan Uribe scores.,TEX,SF,286351,7,top,46,286351-121074-424324-7-46-3,Rangers Ballpark in Arlington,0,3
2010-11-01,68,Clear,"4 mph, Out To CF",Aaron Rowand,400023,R,Cliff Lee,424324,L,Flyout,field_out,Aaron Rowand flies out to right fielder Nelson Cruz.,TEX,SF,286351,7,top,47,286351-400023-424324-7-47-1,Rangers Ballpark in Arlington,0,3
2010-11-01,68,Clear,"4 mph, Out To CF",Vladimir Guerrero,115223,R,Tim Lincecum,453311,R,Strikeout,strikeout,Vladimir Guerrero strikes out swinging.,TEX,SF,286351,7,bottom,48,286351-115223-453311-7-48-4,Rangers Ballpark in Arlington,0,3
2010-11-01,68,Clear,"4 mph, Out To CF",Nelson Cruz,443558,R,Tim Lincecum,453311,R,Home Run,home_run,Nelson Cruz homers (23) on a line drive to left field.,TEX,SF,286351,7,bottom,49,286351-443558-453311-7-49-3,Rangers Ballpark in Arlington,1,3
2010-11-01,68,Clear,"4 mph, Out To CF",Ian Kinsler,435079,R,Tim Lincecum,453311,R,Walk,walk,Ian Kinsler walks.,TEX,SF,286351,7,bottom,50,286351-435079-453311-7-50-7,Rangers Ballpark in Arlington,1,3
2010-11-01,68,Clear,"4 mph, Out To CF",David Murphy,461815,L,Tim Lincecum,453311,R,Strikeout,strikeout,David Murphy strikes out swinging.,TEX,SF,286351,7,bottom,51,286351-461815-453311-7-51-7,Rangers Ballpark in Arlington,1,3
2010-11-01,68,Clear,"4 mph, Out To CF",Bengie Molina,134260,R,Tim Lincecum,453311,R,Strikeout,strikeout,Bengie Molina strikes out swinging.,TEX,SF,286351,7,bottom,52,286351-134260-453311-7-52-5,Rangers Ballpark in Arlington,1,3
2010-11-01,68,Clear,"4 mph, Out To CF",Andres Torres,400083,L,Neftali Feliz,491703,R,Pop Out,field_out,Andres Torres pops out to catcher Bengie Molina in foul territory.,TEX,SF,286351,8,top,53,286351-400083-491703-8-53-3,Rangers Ballpark in Arlington,1,3
2010-11-01,68,Clear,"4 mph, Out To CF",Freddy Sanchez,408108,R,Neftali Feliz,491703,R,Lineout,field_out,Freddy Sanchez lines out to left fielder David Murphy.,TEX,SF,286351,8,top,54,286351-408108-491703-8-54-1,Rangers Ballpark in Arlington,1,3
2010-11-01,68,Clear,"4 mph, Out To CF",Buster Posey,457763,R,Neftali Feliz,491703,R,Single,single,Buster Posey singles on a soft ground ball to shortstop Elvis Andrus.,TEX,SF,286351,8,top,55,286351-457763-491703-8-55-5,Rangers Ballpark in Arlington,1,3
2010-11-01,68,Clear,"4 mph, Out To CF",Cody Ross,425496,R,Neftali Feliz,491703,R,Forceout,force_out,"Cody Ross grounds into a force out, third baseman Michael Young to second baseman Ian Kinsler.   Buster Posey out at 2nd.    Cody Ross to 1st.",TEX,SF,286351,8,top,56,286351-425496-491703-8-56-3,Rangers Ballpark in Arlington,1,3
2010-11-01,68,Clear,"4 mph, Out To CF",Mitch Moreland,519048,L,Tim Lincecum,453311,R,Strikeout,strikeout,Mitch Moreland strikes out swinging.,TEX,SF,286351,8,bottom,57,286351-519048-453311-8-57-3,Rangers Ballpark in Arlington,1,3
2010-11-01,68,Clear,"4 mph, Out To CF",Elvis Andrus,462101,R,Tim Lincecum,453311,R,Groundout,field_out,"Elvis Andrus grounds out softly, pitcher Tim Lincecum to first baseman Aubrey Huff.",TEX,SF,286351,8,bottom,58,286351-462101-453311-8-58-2,Rangers Ballpark in Arlington,1,3
2010-11-01,68,Clear,"4 mph, Out To CF",Michael Young,276545,R,Tim Lincecum,453311,R,Groundout,field_out,"Michael Young grounds out, third baseman Juan Uribe to first baseman Aubrey Huff.",TEX,SF,286351,8,bottom,59,286351-276545-453311-8-59-4,Rangers Ballpark in Arlington,1,3
2010-11-01,68,Clear,"4 mph, Out To CF",Juan Uribe,346874,R,Neftali Feliz,491703,R,Strikeout,strikeout,Juan Uribe strikes out swinging.,TEX,SF,286351,9,top,60,286351-346874-491703-9-60-3,Rangers Ballpark in Arlington,1,3
2010-11-01,68,Clear,"4 mph, Out To CF",Aubrey Huff,333492,L,Neftali Feliz,491703,R,Groundout,field_out,"Aubrey Huff grounds out, second baseman Ian Kinsler to first baseman Mitch Moreland.",TEX,SF,286351,9,top,61,286351-333492-491703-9-61-4,Rangers Ballpark in Arlington,1,3
2010-11-01,68,Clear,"4 mph, Out To CF",Pat Burrell,150100,R,Neftali Feliz,491703,R,Strikeout,strikeout,Pat Burrell strikes out swinging.,TEX,SF,286351,9,top,62,286351-150100-491703-9-62-5,Rangers Ballpark in Arlington,1,3
2010-11-01,68,Clear,"4 mph, Out To CF",Josh Hamilton,285078,L,Brian Wilson,451216,R,Strikeout,strikeout,Josh Hamilton called out on strikes.,TEX,SF,286351,9,bottom,63,286351-285078-451216-9-63-5,Rangers Ballpark in Arlington,1,3
2010-11-01,68,Clear,"4 mph, Out To CF",Vladimir Guerrero,115223,R,Brian Wilson,451216,R,Groundout,field_out,"Vladimir Guerrero grounds out, shortstop Edgar Renteria to first baseman Aubrey Huff.",TEX,SF,286351,9,bottom,64,286351-115223-451216-9-64-1,Rangers Ballpark in Arlington,1,3
2010-11-01,68,Clear,"4 mph, Out To CF",Nelson Cruz,443558,R,Brian Wilson,451216,R,Strikeout,strikeout,Nelson Cruz strikes out swinging.,TEX,SF,286351,9,bottom,65,286351-443558-451216-9-65-6,Rangers Ballpark in Arlington,1,3
2010-10-27,62,Overcast,"2 mph, Out To RF",Elvis Andrus,462101,R,Tim Lincecum,453311,R,Single,single,Elvis Andrus singles on a line drive to left fielder Pat Burrell.,SF,TEX,286347,1,top,0,286347-462101-453311-1-0-3,AT&T Park,0,0
2010-10-27,62,Overcast,"2 mph, Out To RF",Michael Young,276545,R,Tim Lincecum,453311,R,Walk,walk,Michael Young walks.   Elvis Andrus to 2nd.,SF,TEX,286347,1,top,1,286347-276545-453311-1-1-9,AT&T Park,0,0
2010-10-27,62,Overcast,"2 mph, Out To RF",Josh Hamilton,285078,L,Tim Lincecum,453311,R,Groundout,field_out,Josh Hamilton grounds out softly to first baseman Aubrey Huff.   Elvis Andrus to 3rd.    Michael Young to 2nd.,SF,TEX,286347,1,top,2,286347-285078-453311-1-2-5,AT&T Park,0,0
2010-10-27,62,Overcast,"2 mph, Out To RF",Vladimir Guerrero,115223,R,Tim Lincecum,453311,R,Single,single,"Vladimir Guerrero singles on a ground ball to first baseman Aubrey Huff, deflected by pitcher Tim Lincecum.   Elvis Andrus scores.    Michael Young to 3rd.",SF,TEX,286347,1,top,3,286347-115223-453311-1-3-2,AT&T Park,0,1
2010-10-27,62,Overcast,"2 mph, Out To RF",Nelson Cruz,443558,R,Tim Lincecum,453311,R,Fielders Choice,fielders_choice,"Nelson Cruz reaches on a fielder's choice, fielded by pitcher Tim Lincecum.   Vladimir Guerrero to 2nd.",SF,TEX,286347,1,top,4,286347-443558-453311-1-4-5,AT&T Park,0,1
2010-10-27,62,Overcast,"2 mph, Out To RF",Ian Kinsler,435079,R,Tim Lincecum,453311,R,Grounded Into DP,grounded_into_double_play,"Ian Kinsler grounds into a double play, third baseman Juan Uribe to first baseman Aubrey Huff.   Vladimir Guerrero out at 3rd.    Ian Kinsler out at 1st.",SF,TEX,286347,1,top,5,286347-435079-453311-1-5-1,AT&T Park,0,1
2010-10-27,62,Overcast,"2 mph, Out To RF",Andres Torres,400083,R,Cliff Lee,424324,L,Strikeout,strikeout,Andres Torres called out on strikes.,SF,TEX,286347,1,bottom,6,286347-400083-424324-1-6-6,AT&T Park,0,1
2010-10-27,62,Overcast,"2 mph, Out To RF",Freddy Sanchez,408108,R,Cliff Lee,424324,L,Double,double,Freddy Sanchez doubles (23) on a soft line drive to right fielder Vladimir Guerrero.,SF,TEX,286347,1,bottom,7,286347-408108-424324-1-7-1,AT&T Park,0,1
2010-10-27,62,Overcast,"2 mph, Out To RF",Buster Posey,457763,R,Cliff Lee,424324,L,Double Play,double_play,"Buster Posey pops into a double play, second baseman Ian Kinsler to shortstop Elvis Andrus.   Freddy Sanchez out at 2nd.",SF,TEX,286347,1,bottom,8,286347-457763-424324-1-8-7,AT&T Park,0,1
2010-10-27,62,Overcast,"2 mph, Out To RF",Bengie Molina,134260,R,Tim Lincecum,453311,R,Single,single,Bengie Molina singles on a line drive to right fielder Cody Ross.,SF,TEX,286347,2,top,9,286347-134260-453311-2-9-2,AT&T Park,0,1
2010-10-27,62,Overcast,"2 mph, Out To RF",Mitch Moreland,519048,L,Tim Lincecum,453311,R,Strikeout,strikeout,Mitch Moreland strikes out swinging.,SF,TEX,286347,2,top,10,286347-519048-453311-2-10-3,AT&T Park,0,1
2010-10-27,62,Overcast,"2 mph, Out To RF",Cliff Lee,424324,L,Tim Lincecum,453311,R,Double,double,Cliff Lee doubles (1) on a line drive to center fielder Andres Torres.   Bengie Molina to 3rd.,SF,TEX,286347,2,top,11,286347-424324-453311-2-11-3,AT&T Park,0,1
2010-10-27,62,Overcast,"2 mph, Out To RF",Elvis Andrus,462101,R,Tim Lincecum,453311,R,Sac Fly,sac_fly,Elvis Andrus out on a sacrifice fly to center fielder Andres Torres.   Bengie Molina scores.    Cliff Lee to 3rd.,SF,TEX,286347,2,top,12,286347-462101-453311-2-12-3,AT&T Park,0,2
2010-10-27,62,Overcast,"2 mph, Out To RF",Michael Young,276545,R,Tim Lincecum,453311,R,Flyout,field_out,Michael Young flies out to center fielder Andres Torres.,SF,TEX,286347,2,top,13,286347-276545-453311-2-13-5,AT&T Park,0,2
2010-10-27,62,Overcast,"2 mph, Out To RF",Pat Burrell,150100,R,Cliff Lee,424324,L,Strikeout,strikeout,"Pat Burrell strikes out swinging, catcher Bengie Molina to first baseman Mitch Moreland.",SF,TEX,286347,2,bottom,14,286347-150100-424324-2-14-3,AT&T Park,0,2
2010-10-27,62,Overcast,"2 mph, Out To RF",Cody Ross,425496,R,Cliff Lee,424324,L,Flyout,field_out,Cody Ross flies out to left fielder Nelson Cruz.,SF,TEX,286347,2,bottom,15,286347-425496-424324-2-15-3,AT&T Park,0,2
2010-10-27,62,Overcast,"2 mph, Out To RF",Aubrey Huff,333492,L,Cliff Lee,424324,L,Double,double,Aubrey Huff doubles (36) on a fly ball to right fielder Vladimir Guerrero.,SF,TEX,286347,2,bottom,16,286347-333492-424324-2-16-3,AT&T Park,0,2
2010-10-27,62,Overcast,"2 mph, Out To RF",Juan Uribe,346874,R,Cliff Lee,424324,L,Strikeout,strikeout,Juan Uribe strikes out swinging.,SF,TEX,286347,2,bottom,17,286347-346874-424324-2-17-6,AT&T Park,0,2
2010-10-27,62,Overcast,"2 mph, Out To RF",Josh Hamilton,285078,L,Tim Lincecum,453311,R,Flyout,field_out,Josh Hamilton flies out to left fielder Pat Burrell.,SF,TEX,286347,3,top,18,286347-285078-453311-3-18-2,AT&T Park,0,2
2010-10-27,62,Overcast,"2 mph, Out To RF",Vladimir Guerrero,115223,R,Tim Lincecum,453311,R,Lineout,field_out,Vladimir Guerrero lines out to center fielder Andres Torres.,SF,TEX,286347,3,top,19,286347-115223-453311-3-19-5,AT&T Park,0,2
2010-10-27,62,Overcast,"2 mph, Out To RF",Nelson Cruz,443558,R,Tim Lincecum,453311,R,Flyout,field_out,Nelson Cruz flies out to right fielder Cody Ross.,SF,TEX,286347,3,top,20,286347-443558-453311-3-20-1,AT&T Park,0,2
2010-10-27,62,Overcast,"2 mph, Out To RF",Edgar Renteria,121074,R,Cliff Lee,424324,L,Field Error,field_error,Edgar Renteria reaches on a fielding error by third baseman Michael Young.,SF,TEX,286347,3,bottom,21,286347-121074-424324-3-21-6,AT&T Park,0,2
2010-10-27,62,Overcast,"2 mph, Out To RF",Tim Lincecum,453311,L,Cliff Lee,424324,L,Bunt Pop Out,field_out,Tim Lincecum bunt pops out to catcher Bengie Molina in foul territory.,SF,TEX,286347,3,bottom,22,286347-453311-424324-3-22-4,AT&T Park,0,2
2010-10-27,62,Overcast,"2 mph, Out To RF",Andres Torres,400083,R,Cliff Lee,424324,L,Hit By Pitch,hit_by_pitch,Andres Torres hit by pitch.    Edgar Renteria to 2nd.,SF,TEX,286347,3,bottom,23,286347-400083-424324-3-23-4,AT&T Park,0,2
2010-10-27,62,Overcast,"2 mph, Out To RF",Freddy Sanchez,408108,R,Cliff Lee,424324,L,Double,double,Freddy Sanchez doubles (24) on a line drive to left fielder Nelson Cruz.   Edgar Renteria scores.    Andres Torres to 3rd.,SF,TEX,286347,3,bottom,24,286347-408108-424324-3-24-5,AT&T Park,1,2
2010-10-27,62,Overcast,"2 mph, Out To RF",Buster Posey,457763,R,Cliff Lee,424324,L,Single,single,Buster Posey singles on a line drive to left fielder Nelson Cruz.   Andres Torres scores.    Freddy Sanchez to 3rd.,SF,TEX,286347,3,bottom,25,286347-457763-424324-3-25-2,AT&T Park,2,2
2010-10-27,62,Overcast,"2 mph, Out To RF",Pat Burrell,150100,R,Cliff Lee,424324,L,Strikeout,strikeout,Pat Burrell called out on strikes.,SF,TEX,286347,3,bottom,26,286347-150100-424324-3-26-5,AT&T Park,2,2
2010-10-27,62,Overcast,"2 mph, Out To RF",Cody Ross,425496,R,Cliff Lee,424324,L,Strikeout,strikeout,Cody Ross called out on strikes.,SF,TEX,286347,3,bottom,27,286347-425496-424324-3-27-7,AT&T Park,2,2
2010-10-27,62,Overcast,"2 mph, Out To RF",Ian Kinsler,435079,R,Tim Lincecum,453311,R,Groundout,field_out,"Ian Kinsler grounds out, shortstop Edgar Renteria to first baseman Aubrey Huff.",SF,TEX,286347,4,top,28,286347-435079-453311-4-28-4,AT&T Park,2,2
2010-10-27,62,Overcast,"2 mph, Out To RF",Bengie Molina,134260,R,Tim Lincecum,453311,R,Groundout,field_out,"Bengie Molina grounds out, shortstop Edgar Renteria to first baseman Aubrey Huff.",SF,TEX,286347,4,top,29,286347-134260-453311-4-29-2,AT&T Park,2,2
2010-10-27,62,Overcast,"2 mph, Out To RF",Mitch Moreland,519048,L,Tim Lincecum,453311,R,Double,double,Mitch Moreland doubles (5) on a line drive to right fielder Cody Ross.,SF,TEX,286347,4,top,30,286347-519048-453311-4-30-4,AT&T Park,2,2
2010-10-27,62,Overcast,"2 mph, Out To RF",Cliff Lee,424324,L,Tim Lincecum,453311,R,Groundout,field_out,"Cliff Lee grounds out, shortstop Edgar Renteria to first baseman Aubrey Huff.",SF,TEX,286347,4,top,31,286347-424324-453311-4-31-3,AT&T Park,2,2
2010-10-27,62,Overcast,"2 mph, Out To RF",Aubrey Huff,333492,L,Cliff Lee,424324,L,Pop Out,field_out,Aubrey Huff pops out to shortstop Elvis Andrus.,SF,TEX,286347,4,bottom,32,286347-333492-424324-4-32-2,AT&T Park,2,2
2010-10-27,62,Overcast,"2 mph, Out To RF",Juan Uribe,346874,R,Cliff Lee,424324,L,Strikeout,strikeout,Juan Uribe strikes out on a foul tip.,SF,TEX,286347,4,bottom,33,286347-346874-424324-4-33-10,AT&T Park,2,2
2010-10-27,62,Overcast,"2 mph, Out To RF",Edgar Renteria,121074,R,Cliff Lee,424324,L,Pop Out,field_out,Edgar Renteria pops out to first baseman Mitch Moreland in foul territory.,SF,TEX,286347,4,bottom,34,286347-121074-424324-4-34-3,AT&T Park,2,2
2010-10-27,62,Overcast,"2 mph, Out To RF",Elvis Andrus,462101,R,Tim Lincecum,453311,R,Pop Out,field_out,Elvis Andrus pops out to shortstop Edgar Renteria.,SF,TEX,286347,5,top,35,286347-462101-453311-5-35-2,AT&T Park,2,2
2010-10-27,62,Overcast,"2 mph, Out To RF",Michael Young,276545,R,Tim Lincecum,453311,R,Groundout,field_out,"Michael Young grounds out, third baseman Juan Uribe to first baseman Aubrey Huff.",SF,TEX,286347,5,top,36,286347-276545-453311-5-36-3,AT&T Park,2,2
2010-10-27,62,Overcast,"2 mph, Out To RF",Josh Hamilton,285078,L,Tim Lincecum,453311,R,Groundout,field_out,"Josh Hamilton grounds out, pitcher Tim Lincecum to first baseman Aubrey Huff.",SF,TEX,286347,5,top,37,286347-285078-453311-5-37-4,AT&T Park,2,2
2010-10-27,62,Overcast,"2 mph, Out To RF",Tim Lincecum,453311,L,Cliff Lee,424324,L,Groundout,field_out,"Tim Lincecum grounds out, shortstop Elvis Andrus to first baseman Mitch Moreland.",SF,TEX,286347,5,bottom,38,286347-453311-424324-5-38-5,AT&T Park,2,2
2010-10-27,62,Overcast,"2 mph, Out To RF",Andres Torres,400083,R,Cliff Lee,424324,L,Double,double,Andres Torres doubles (44) on a line drive to left fielder Nelson Cruz.,SF,TEX,286347,5,bottom,39,286347-400083-424324-5-39-1,AT&T Park,2,2
2010-10-27,62,Overcast,"2 mph, Out To RF",Freddy Sanchez,408108,R,Cliff Lee,424324,L,Double,double,Freddy Sanchez doubles (25) on a fly ball to center fielder Josh Hamilton.   Andres Torres scores.,SF,TEX,286347,5,bottom,40,286347-408108-424324-5-40-4,AT&T Park,3,2
2010-10-27,62,Overcast,"2 mph, Out To RF",Buster Posey,457763,R,Cliff Lee,424324,L,Strikeout,strikeout,Buster Posey called out on strikes.,SF,TEX,286347,5,bottom,41,286347-457763-424324-5-41-5,AT&T Park,3,2
2010-10-27,62,Overcast,"2 mph, Out To RF",Pat Burrell,150100,R,Cliff Lee,424324,L,Walk,walk,Pat Burrell walks.,SF,TEX,286347,5,bottom,42,286347-150100-424324-5-42-7,AT&T Park,3,2
2010-10-27,62,Overcast,"2 mph, Out To RF",Cody Ross,425496,R,Cliff Lee,424324,L,Single,single,Cody Ross singles on a ground ball to center fielder Josh Hamilton.   Freddy Sanchez scores.    Pat Burrell to 2nd.,SF,TEX,286347,5,bottom,43,286347-425496-424324-5-43-4,AT&T Park,4,2
2010-10-27,62,Overcast,"2 mph, Out To RF",Aubrey Huff,333492,L,Cliff Lee,424324,L,Single,single,Aubrey Huff singles on a ground ball to center fielder Josh Hamilton.   Pat Burrell scores.    Cody Ross to 2nd.,SF,TEX,286347,5,bottom,44,286347-333492-424324-5-44-4,AT&T Park,5,2
2010-10-27,62,Overcast,"2 mph, Out To RF",Juan Uribe,346874,R,Darren O'Day,503285,R,Home Run,home_run,Juan Uribe homers (25) on a fly ball to left center field.   Cody Ross scores.    Aubrey Huff scores.,SF,TEX,286347,5,bottom,45,286347-346874-503285-5-45-5,AT&T Park,8,2
2010-10-27,62,Overcast,"2 mph, Out To RF",Edgar Renteria,121074,R,Darren O'Day,503285,R,Hit By Pitch,hit_by_pitch,Edgar Renteria hit by pitch.,SF,TEX,286347,5,bottom,46,286347-121074-503285-5-46-4,AT&T Park,8,2
2010-10-27,62,Overcast,"2 mph, Out To RF",Tim Lincecum,453311,L,Darren O'Day,503285,R,Field Error,field_error,Tim Lincecum reaches on a fielding error by shortstop Elvis Andrus.   Edgar Renteria to 2nd.,SF,TEX,286347,5,bottom,47,286347-453311-503285-5-47-2,AT&T Park,8,2
2010-10-27,62,Overcast,"2 mph, Out To RF",Andres Torres,400083,L,Darren O'Day,503285,R,Strikeout,strikeout,Andres Torres strikes out on a foul tip.,SF,TEX,286347,5,bottom,48,286347-400083-503285-5-48-5,AT&T Park,8,2
2010-10-27,62,Overcast,"2 mph, Out To RF",Vladimir Guerrero,115223,R,Tim Lincecum,453311,R,Strikeout,strikeout,Vladimir Guerrero strikes out swinging.,SF,TEX,286347,6,top,49,286347-115223-453311-6-49-3,AT&T Park,8,2
2010-10-27,62,Overcast,"2 mph, Out To RF",Nelson Cruz,443558,R,Tim Lincecum,453311,R,Strikeout,strikeout,Nelson Cruz strikes out swinging.,SF,TEX,286347,6,top,50,286347-443558-453311-6-50-5,AT&T Park,8,2
2010-10-27,62,Overcast,"2 mph, Out To RF",Ian Kinsler,435079,R,Tim Lincecum,453311,R,Walk,walk,Ian Kinsler walks.,SF,TEX,286347,6,top,51,286347-435079-453311-6-51-10,AT&T Park,8,2
2010-10-27,62,Overcast,"2 mph, Out To RF",Bengie Molina,134260,R,Tim Lincecum,453311,R,Double,double,Bengie Molina doubles (13) on a line drive to left fielder Pat Burrell.   Ian Kinsler scores.,SF,TEX,286347,6,top,52,286347-134260-453311-6-52-2,AT&T Park,8,3
2010-10-27,62,Overcast,"2 mph, Out To RF",Mitch Moreland,519048,L,Tim Lincecum,453311,R,Single,single,"Mitch Moreland singles on a line drive to third baseman Juan Uribe, deflected by pitcher Tim Lincecum.   Bengie Molina to 3rd.",SF,TEX,286347,6,top,53,286347-519048-453311-6-53-3,AT&T Park,8,3
2010-10-27,62,Overcast,"2 mph, Out To RF",David Murphy,461815,L,Tim Lincecum,453311,R,Single,single,David Murphy singles on a ground ball to right fielder Cody Ross.   Bengie Molina scores.    Mitch Moreland to 2nd.,SF,TEX,286347,6,top,54,286347-461815-453311-6-54-4,AT&T Park,8,4
2010-10-27,62,Overcast,"2 mph, Out To RF",Elvis Andrus,462101,R,Santiago Casilla,433586,R,Strikeout,strikeout,Elvis Andrus strikes out swinging.,SF,TEX,286347,6,top,55,286347-462101-433586-6-55-7,AT&T Park,8,4
2010-10-27,62,Overcast,"2 mph, Out To RF",Freddy Sanchez,408108,R,Alexi Ogando,468396,R,Lineout,field_out,Freddy Sanchez lines out to right fielder Vladimir Guerrero.,SF,TEX,286347,6,bottom,56,286347-408108-468396-6-56-7,AT&T Park,8,4
2010-10-27,62,Overcast,"2 mph, Out To RF",Buster Posey,457763,R,Alexi Ogando,468396,R,Strikeout,strikeout,Buster Posey called out on strikes.,SF,TEX,286347,6,bottom,57,286347-457763-468396-6-57-4,AT&T Park,8,4
2010-10-27,62,Overcast,"2 mph, Out To RF",Pat Burrell,150100,R,Alexi Ogando,468396,R,Strikeout,strikeout,Pat Burrell strikes out swinging.,SF,TEX,286347,6,bottom,58,286347-150100-468396-6-58-4,AT&T Park,8,4
2010-10-27,62,Overcast,"2 mph, Out To RF",Michael Young,276545,R,Santiago Casilla,433586,R,Groundout,field_out,"Michael Young grounds out, shortstop Edgar Renteria to first baseman Aubrey Huff.",SF,TEX,286347,7,top,59,286347-276545-433586-7-59-6,AT&T Park,8,4
2010-10-27,62,Overcast,"2 mph, Out To RF",Josh Hamilton,285078,L,Santiago Casilla,433586,R,Lineout,field_out,Josh Hamilton lines out to center fielder Andres Torres.,SF,TEX,286347,7,top,60,286347-285078-433586-7-60-4,AT&T Park,8,4
2010-10-27,62,Overcast,"2 mph, Out To RF",Vladimir Guerrero,115223,R,Santiago Casilla,433586,R,Field Error,field_error,Vladimir Guerrero reaches on a fielding error by first baseman Aubrey Huff.,SF,TEX,286347,7,top,61,286347-115223-433586-7-61-2,AT&T Park,8,4
2010-10-27,62,Overcast,"2 mph, Out To RF",Nelson Cruz,443558,R,Santiago Casilla,433586,R,Lineout,field_out,Nelson Cruz lines out softly to second baseman Freddy Sanchez.,SF,TEX,286347,7,top,62,286347-443558-433586-7-62-4,AT&T Park,8,4
2010-10-27,62,Overcast,"2 mph, Out To RF",Cody Ross,425496,R,Alexi Ogando,468396,R,Strikeout,strikeout,Cody Ross strikes out swinging.,SF,TEX,286347,7,bottom,63,286347-425496-468396-7-63-6,AT&T Park,8,4
2010-10-27,62,Overcast,"2 mph, Out To RF",Aubrey Huff,333492,L,Alexi Ogando,468396,R,Single,single,Aubrey Huff singles on a line drive to right fielder Vladimir Guerrero.,SF,TEX,286347,7,bottom,64,286347-333492-468396-7-64-2,AT&T Park,8,4
2010-10-27,62,Overcast,"2 mph, Out To RF",Juan Uribe,346874,R,Alexi Ogando,468396,R,Strikeout,strikeout,Juan Uribe strikes out swinging.,SF,TEX,286347,7,bottom,65,286347-346874-468396-7-65-4,AT&T Park,8,4
2010-10-27,62,Overcast,"2 mph, Out To RF",Ian Kinsler,435079,R,Sergio Romo,489265,R,Single,single,"Ian Kinsler singles on a ground ball to second baseman Freddy Sanchez.  Ian Kinsler out at 2nd, first baseman Aubrey Huff.",SF,TEX,286347,8,top,66,286347-435079-489265-8-66-5,AT&T Park,8,4
2010-10-27,62,Overcast,"2 mph, Out To RF",Bengie Molina,134260,R,Sergio Romo,489265,R,Strikeout,strikeout,Bengie Molina strikes out swinging.,SF,TEX,286347,8,top,67,286347-134260-489265-8-67-3,AT&T Park,8,4
2010-10-27,62,Overcast,"2 mph, Out To RF",Jorge Cantu,408305,R,Javier Lopez,425657,L,Groundout,field_out,"Jorge Cantu grounds out, shortstop Edgar Renteria to first baseman Aubrey Huff.",SF,TEX,286347,8,top,68,286347-408305-425657-8-68-5,AT&T Park,8,4
2010-10-27,62,Overcast,"2 mph, Out To RF",Edgar Renteria,121074,R,Mark Lowe,450275,R,Single,single,"Edgar Renteria singles on a line drive to right fielder Vladimir Guerrero.   Edgar Renteria to 3rd.  Edgar Renteria advances to 3rd, on a fielding error by right fielder Vladimir Guerrero.",SF,TEX,286347,8,bottom,69,286347-121074-450275-8-69-8,AT&T Park,8,4
2010-10-27,62,Overcast,"2 mph, Out To RF",Travis Ishikawa,448170,L,Mark Lowe,450275,R,Double,double,Travis Ishikawa doubles (12) on a line drive to left fielder Nelson Cruz.   Edgar Renteria scores.,SF,TEX,286347,8,bottom,70,286347-448170-450275-8-70-6,AT&T Park,9,4
2010-10-27,62,Overcast,"2 mph, Out To RF",Andres Torres,400083,L,Mark Lowe,450275,R,Pop Out,field_out,Andres Torres pops out to third baseman Michael Young in foul territory.,SF,TEX,286347,8,bottom,71,286347-400083-450275-8-71-3,AT&T Park,9,4
2010-10-27,62,Overcast,"2 mph, Out To RF",Freddy Sanchez,408108,R,Mark Lowe,450275,R,Single,single,"Freddy Sanchez singles on a ground ball to right fielder Vladimir Guerrero.   Travis Ishikawa scores.    Freddy Sanchez to 2nd.  Freddy Sanchez advances to 2nd, on a fielding error by right fielder Vladimir Guerrero.",SF,TEX,286347,8,bottom,72,286347-408108-450275-8-72-3,AT&T Park,10,4
2010-10-27,62,Overcast,"2 mph, Out To RF",Buster Posey,457763,R,Mark Lowe,450275,R,Groundout,field_out,"Buster Posey grounds out, shortstop Elvis Andrus to first baseman Jorge Cantu.",SF,TEX,286347,8,bottom,73,286347-457763-450275-8-73-7,AT&T Park,10,4
2010-10-27,62,Overcast,"2 mph, Out To RF",Nate Schierholtz,435625,L,Michael Kirkman,457779,L,Single,single,Nate Schierholtz singles on a line drive to center fielder Josh Hamilton.   Freddy Sanchez scores.,SF,TEX,286347,8,bottom,74,286347-435625-457779-8-74-4,AT&T Park,11,4
2010-10-27,62,Overcast,"2 mph, Out To RF",Cody Ross,425496,R,Michael Kirkman,457779,L,Pop Out,field_out,Cody Ross pops out to shortstop Elvis Andrus.,SF,TEX,286347,8,bottom,75,286347-425496-457779-8-75-3,AT&T Park,11,4
2010-10-27,62,Overcast,"2 mph, Out To RF",Julio Borbon,474865,L,Ramon E Ramirez,430673,R,Single,single,"Julio Borbon singles on a ground ball to first baseman Travis Ishikawa.   Julio Borbon to 2nd.  Julio Borbon advances to 2nd, on a throwing error by first baseman Travis Ishikawa.",SF,TEX,286347,9,top,76,286347-474865-430673-9-76-6,AT&T Park,11,4
2010-10-27,62,Overcast,"2 mph, Out To RF",Elvis Andrus,462101,R,Ramon E Ramirez,430673,R,Walk,walk,Elvis Andrus walks.,SF,TEX,286347,9,top,77,286347-462101-430673-9-77-5,AT&T Park,11,4
2010-10-27,62,Overcast,"2 mph, Out To RF",Michael Young,276545,R,Ramon E Ramirez,430673,R,Flyout,field_out,Michael Young flies out to right fielder Nate Schierholtz.,SF,TEX,286347,9,top,78,286347-276545-430673-9-78-5,AT&T Park,11,4
2010-10-27,62,Overcast,"2 mph, Out To RF",Josh Hamilton,285078,L,Jeremy Affeldt,346793,L,Walk,walk,Josh Hamilton walks.,SF,TEX,286347,9,top,79,286347-285078-346793-9-79-9,AT&T Park,11,4
2010-10-27,62,Overcast,"2 mph, Out To RF",Vladimir Guerrero,115223,R,Brian Wilson,451216,R,Sac Fly,sac_fly,Vladimir Guerrero out on a sacrifice fly to right fielder Nate Schierholtz.   Julio Borbon scores.,SF,TEX,286347,9,top,80,286347-115223-451216-9-80-5,AT&T Park,11,5
2010-10-27,62,Overcast,"2 mph, Out To RF",Nelson Cruz,443558,R,Brian Wilson,451216,R,Double,double,Nelson Cruz doubles (32) on a fly ball to right fielder Nate Schierholtz.   Elvis Andrus scores.    Josh Hamilton scores.,SF,TEX,286347,9,top,81,286347-443558-451216-9-81-2,AT&T Park,11,7
2010-10-27,62,Overcast,"2 mph, Out To RF",Ian Kinsler,435079,R,Brian Wilson,451216,R,Flyout,field_out,Ian Kinsler flies out to right fielder Nate Schierholtz.,SF,TEX,286347,9,top,82,286347-435079-451216-9-82-6,AT&T Park,11,7
2010-10-28,65,Cloudy,"12 mph, Out To LF",Elvis Andrus,462101,R,Matt Cain,430912,R,Flyout,field_out,Elvis Andrus flies out to center fielder Andres Torres.,SF,TEX,286348,1,top,0,286348-462101-430912-1-0-4,AT&T Park,0,0
2010-10-28,65,Cloudy,"12 mph, Out To LF",Michael Young,276545,R,Matt Cain,430912,R,Pop Out,field_out,Michael Young pops out to shortstop Edgar Renteria.,SF,TEX,286348,1,top,1,286348-276545-430912-1-1-2,AT&T Park,0,0
2010-10-28,65,Cloudy,"12 mph, Out To LF",Josh Hamilton,285078,L,Matt Cain,430912,R,Pop Out,field_out,Josh Hamilton pops out to third baseman Juan Uribe in foul territory.,SF,TEX,286348,1,top,2,286348-285078-430912-1-2-4,AT&T Park,0,0
2010-10-28,65,Cloudy,"12 mph, Out To LF",Andres Torres,400083,R,C.J. Wilson,450351,L,Groundout,field_out,"Andres Torres grounds out, shortstop Elvis Andrus to first baseman Mitch Moreland.",SF,TEX,286348,1,bottom,3,286348-400083-450351-1-3-4,AT&T Park,0,0
2010-10-28,65,Cloudy,"12 mph, Out To LF",Freddy Sanchez,408108,R,C.J. Wilson,450351,L,Groundout,field_out,"Freddy Sanchez grounds out, second baseman Ian Kinsler to first baseman Mitch Moreland.",SF,TEX,286348,1,bottom,4,286348-408108-450351-1-4-5,AT&T Park,0,0
2010-10-28,65,Cloudy,"12 mph, Out To LF",Buster Posey,457763,R,C.J. Wilson,450351,L,Flyout,field_out,Buster Posey flies out to right fielder Nelson Cruz.,SF,TEX,286348,1,bottom,5,286348-457763-450351-1-5-6,AT&T Park,0,0
2010-10-28,65,Cloudy,"12 mph, Out To LF",Nelson Cruz,443558,R,Matt Cain,430912,R,Strikeout,strikeout,Nelson Cruz strikes out swinging.,SF,TEX,286348,2,top,6,286348-443558-430912-2-6-5,AT&T Park,0,0
2010-10-28,65,Cloudy,"12 mph, Out To LF",Ian Kinsler,435079,R,Matt Cain,430912,R,Flyout,field_out,Ian Kinsler flies out to right fielder Cody Ross.,SF,TEX,286348,2,top,7,286348-435079-430912-2-7-2,AT&T Park,0,0
2010-10-28,65,Cloudy,"12 mph, Out To LF",David Murphy,461815,L,Matt Cain,430912,R,Groundout,field_out,"David Murphy grounds out, second baseman Freddy Sanchez to first baseman Aubrey Huff.",SF,TEX,286348,2,top,8,286348-461815-430912-2-8-3,AT&T Park,0,0
2010-10-28,65,Cloudy,"12 mph, Out To LF",Pat Burrell,150100,R,C.J. Wilson,450351,L,Strikeout,strikeout,Pat Burrell called out on strikes.,SF,TEX,286348,2,bottom,9,286348-150100-450351-2-9-4,AT&T Park,0,0
2010-10-28,65,Cloudy,"12 mph, Out To LF",Cody Ross,425496,R,C.J. Wilson,450351,L,Double,double,Cody Ross doubles (29) on a line drive to left fielder David Murphy.,SF,TEX,286348,2,bottom,10,286348-425496-450351-2-10-5,AT&T Park,0,0
2010-10-28,65,Cloudy,"12 mph, Out To LF",Aubrey Huff,333492,L,C.J. Wilson,450351,L,Groundout,field_out,"Aubrey Huff grounds out, second baseman Ian Kinsler to first baseman Mitch Moreland.   Cody Ross to 3rd.",SF,TEX,286348,2,bottom,11,286348-333492-450351-2-11-4,AT&T Park,0,0
2010-10-28,65,Cloudy,"12 mph, Out To LF",Juan Uribe,346874,R,C.J. Wilson,450351,L,Flyout,field_out,Juan Uribe flies out to center fielder Josh Hamilton.,SF,TEX,286348,2,bottom,12,286348-346874-450351-2-12-4,AT&T Park,0,0
2010-10-28,65,Cloudy,"12 mph, Out To LF",Matt Treanor,276354,R,Matt Cain,430912,R,Flyout,field_out,Matt Treanor flies out to center fielder Andres Torres.,SF,TEX,286348,3,top,13,286348-276354-430912-3-13-5,AT&T Park,0,0
2010-10-28,65,Cloudy,"12 mph, Out To LF",Mitch Moreland,519048,L,Matt Cain,430912,R,Single,single,Mitch Moreland singles on a line drive to right fielder Cody Ross.,SF,TEX,286348,3,top,14,286348-519048-430912-3-14-2,AT&T Park,0,0
2010-10-28,65,Cloudy,"12 mph, Out To LF",C.J. Wilson,450351,L,Matt Cain,430912,R,Sac Bunt,sac_bunt,C.J. Wilson out on a sacrifice bunt to first baseman Aubrey Huff.   Mitch Moreland to 2nd.,SF,TEX,286348,3,top,15,286348-450351-430912-3-15-2,AT&T Park,0,0
2010-10-28,65,Cloudy,"12 mph, Out To LF",Elvis Andrus,462101,R,Matt Cain,430912,R,Flyout,field_out,Elvis Andrus flies out to center fielder Andres Torres.,SF,TEX,286348,3,top,16,286348-462101-430912-3-16-6,AT&T Park,0,0
2010-10-28,65,Cloudy,"12 mph, Out To LF",Edgar Renteria,121074,R,C.J. Wilson,450351,L,Flyout,field_out,Edgar Renteria flies out to center fielder Josh Hamilton.,SF,TEX,286348,3,bottom,17,286348-121074-450351-3-17-6,AT&T Park,0,0
2010-10-28,65,Cloudy,"12 mph, Out To LF",Matt Cain,430912,R,C.J. Wilson,450351,L,Single,single,Matt Cain singles on a ground ball to center fielder Josh Hamilton.,SF,TEX,286348,3,bottom,18,286348-430912-450351-3-18-2,AT&T Park,0,0
2010-10-28,65,Cloudy,"12 mph, Out To LF",Andres Torres,400083,R,C.J. Wilson,450351,L,Flyout,field_out,Andres Torres flies out to right fielder Nelson Cruz.,SF,TEX,286348,3,bottom,19,286348-400083-450351-3-19-1,AT&T Park,0,0
2010-10-28,65,Cloudy,"12 mph, Out To LF",Freddy Sanchez,408108,R,C.J. Wilson,450351,L,Forceout,force_out,"Freddy Sanchez grounds into a force out, shortstop Elvis Andrus to second baseman Ian Kinsler.   Matt Cain out at 2nd.    Freddy Sanchez to 1st.",SF,TEX,286348,3,bottom,20,286348-408108-450351-3-20-3,AT&T Park,0,0
2010-10-28,65,Cloudy,"12 mph, Out To LF",Michael Young,276545,R,Matt Cain,430912,R,Groundout,field_out,"Michael Young grounds out, shortstop Edgar Renteria to first baseman Aubrey Huff.",SF,TEX,286348,4,top,21,286348-276545-430912-4-21-5,AT&T Park,0,0
2010-10-28,65,Cloudy,"12 mph, Out To LF",Josh Hamilton,285078,L,Matt Cain,430912,R,Flyout,field_out,Josh Hamilton flies out to center fielder Andres Torres.,SF,TEX,286348,4,top,22,286348-285078-430912-4-22-1,AT&T Park,0,0
2010-10-28,65,Cloudy,"12 mph, Out To LF",Nelson Cruz,443558,R,Matt Cain,430912,R,Strikeout,strikeout,Nelson Cruz called out on strikes.,SF,TEX,286348,4,top,23,286348-443558-430912-4-23-5,AT&T Park,0,0
2010-10-28,65,Cloudy,"12 mph, Out To LF",Buster Posey,457763,R,C.J. Wilson,450351,L,Strikeout,strikeout,"Buster Posey strikes out swinging, catcher Matt Treanor to first baseman Mitch Moreland.",SF,TEX,286348,4,bottom,24,286348-457763-450351-4-24-5,AT&T Park,0,0
2010-10-28,65,Cloudy,"12 mph, Out To LF",Pat Burrell,150100,R,C.J. Wilson,450351,L,Walk,walk,Pat Burrell walks.,SF,TEX,286348,4,bottom,25,286348-150100-450351-4-25-6,AT&T Park,0,0
2010-10-28,65,Cloudy,"12 mph, Out To LF",Cody Ross,425496,R,C.J. Wilson,450351,L,Flyout,field_out,Cody Ross flies out to center fielder Josh Hamilton.,SF,TEX,286348,4,bottom,26,286348-425496-450351-4-26-1,AT&T Park,0,0
2010-10-28,65,Cloudy,"12 mph, Out To LF",Aubrey Huff,333492,L,C.J. Wilson,450351,L,Lineout,field_out,Aubrey Huff lines out to right fielder Nelson Cruz.,SF,TEX,286348,4,bottom,27,286348-333492-450351-4-27-1,AT&T Park,0,0
2010-10-28,65,Cloudy,"12 mph, Out To LF",Ian Kinsler,435079,R,Matt Cain,430912,R,Double,double,Ian Kinsler doubles (21) on a fly ball to center fielder Andres Torres.,SF,TEX,286348,5,top,28,286348-435079-430912-5-28-3,AT&T Park,0,0
2010-10-28,65,Cloudy,"12 mph, Out To LF",David Murphy,461815,L,Matt Cain,430912,R,Lineout,field_out,David Murphy lines out to shortstop Edgar Renteria.,SF,TEX,286348,5,top,29,286348-461815-430912-5-29-3,AT&T Park,0,0
2010-10-28,65,Cloudy,"12 mph, Out To LF",Matt Treanor,276354,R,Matt Cain,430912,R,Groundout,field_out,"Matt Treanor grounds out, shortstop Edgar Renteria to first baseman Aubrey Huff.",SF,TEX,286348,5,top,30,286348-276354-430912-5-30-3,AT&T Park,0,0
2010-10-28,65,Cloudy,"12 mph, Out To LF",Mitch Moreland,519048,L,Matt Cain,430912,R,Intent Walk,intent_walk,Matt Cain intentionally walks Mitch Moreland.,SF,TEX,286348,5,top,31,286348-519048-430912-5-31-4,AT&T Park,0,0
2010-10-28,65,Cloudy,"12 mph, Out To LF",C.J. Wilson,450351,L,Matt Cain,430912,R,Groundout,field_out,C.J. Wilson grounds out to first baseman Aubrey Huff.,SF,TEX,286348,5,top,32,286348-450351-430912-5-32-2,AT&T Park,0,0
2010-10-28,65,Cloudy,"12 mph, Out To LF",Juan Uribe,346874,R,C.J. Wilson,450351,L,Strikeout,strikeout,Juan Uribe strikes out swinging.,SF,TEX,286348,5,bottom,33,286348-346874-450351-5-33-4,AT&T Park,0,0
2010-10-28,65,Cloudy,"12 mph, Out To LF",Edgar Renteria,121074,R,C.J. Wilson,450351,L,Home Run,home_run,Edgar Renteria homers (4) on a fly ball to left field.,SF,TEX,286348,5,bottom,34,286348-121074-450351-5-34-2,AT&T Park,1,0
2010-10-28,65,Cloudy,"12 mph, Out To LF",Matt Cain,430912,R,C.J. Wilson,450351,L,Groundout,field_out,"Matt Cain grounds out, shortstop Elvis Andrus to first baseman Mitch Moreland.",SF,TEX,286348,5,bottom,35,286348-430912-450351-5-35-6,AT&T Park,1,0
2010-10-28,65,Cloudy,"12 mph, Out To LF",Andres Torres,400083,R,C.J. Wilson,450351,L,Lineout,field_out,Andres Torres lines out to shortstop Elvis Andrus.,SF,TEX,286348,5,bottom,36,286348-400083-450351-5-36-4,AT&T Park,1,0
2010-10-28,65,Cloudy,"12 mph, Out To LF",Elvis Andrus,462101,R,Matt Cain,430912,R,Groundout,field_out,"Elvis Andrus grounds out, shortstop Edgar Renteria to first baseman Aubrey Huff.",SF,TEX,286348,6,top,37,286348-462101-430912-6-37-5,AT&T Park,1,0
2010-10-28,65,Cloudy,"12 mph, Out To LF",Michael Young,276545,R,Matt Cain,430912,R,Single,single,Michael Young singles on a line drive to left fielder Pat Burrell.,SF,TEX,286348,6,top,38,286348-276545-430912-6-38-5,AT&T Park,1,0
2010-10-28,65,Cloudy,"12 mph, Out To LF",Josh Hamilton,285078,L,Matt Cain,430912,R,Single,single,Josh Hamilton singles on a line drive to right fielder Cody Ross.   Michael Young to 2nd.,SF,TEX,286348,6,top,39,286348-285078-430912-6-39-3,AT&T Park,1,0
2010-10-28,65,Cloudy,"12 mph, Out To LF",Nelson Cruz,443558,R,Matt Cain,430912,R,Pop Out,field_out,Nelson Cruz pops out to first baseman Aubrey Huff in foul territory.,SF,TEX,286348,6,top,40,286348-443558-430912-6-40-4,AT&T Park,1,0
2010-10-28,65,Cloudy,"12 mph, Out To LF",Ian Kinsler,435079,R,Matt Cain,430912,R,Flyout,field_out,Ian Kinsler flies out to right fielder Cody Ross.,SF,TEX,286348,6,top,41,286348-435079-430912-6-41-3,AT&T Park,1,0
2010-10-28,65,Cloudy,"12 mph, Out To LF",Freddy Sanchez,408108,R,C.J. Wilson,450351,L,Flyout,field_out,Freddy Sanchez flies out to center fielder Josh Hamilton.,SF,TEX,286348,6,bottom,42,286348-408108-450351-6-42-6,AT&T Park,1,0
2010-10-28,65,Cloudy,"12 mph, Out To LF",Buster Posey,457763,R,C.J. Wilson,450351,L,Strikeout,strikeout,Buster Posey strikes out swinging.,SF,TEX,286348,6,bottom,43,286348-457763-450351-6-43-5,AT&T Park,1,0
2010-10-28,65,Cloudy,"12 mph, Out To LF",Pat Burrell,150100,R,C.J. Wilson,450351,L,Groundout,field_out,"Pat Burrell grounds out, third baseman Michael Young to first baseman Mitch Moreland.",SF,TEX,286348,6,bottom,44,286348-150100-450351-6-44-7,AT&T Park,1,0
2010-10-28,65,Cloudy,"12 mph, Out To LF",David Murphy,461815,L,Matt Cain,430912,R,Flyout,field_out,David Murphy flies out to left fielder Cody Ross.,SF,TEX,286348,7,top,45,286348-461815-430912-7-45-6,AT&T Park,1,0
2010-10-28,65,Cloudy,"12 mph, Out To LF",Matt Treanor,276354,R,Matt Cain,430912,R,Flyout,field_out,Matt Treanor flies out to right fielder Nate Schierholtz.,SF,TEX,286348,7,top,46,286348-276354-430912-7-46-3,AT&T Park,1,0
2010-10-28,65,Cloudy,"12 mph, Out To LF",Mitch Moreland,519048,L,Matt Cain,430912,R,Groundout,field_out,"Mitch Moreland grounds out, third baseman Juan Uribe to first baseman Aubrey Huff.",SF,TEX,286348,7,top,47,286348-519048-430912-7-47-4,AT&T Park,1,0
2010-10-28,65,Cloudy,"12 mph, Out To LF",Cody Ross,425496,R,C.J. Wilson,450351,L,Walk,walk,Cody Ross walks.,SF,TEX,286348,7,bottom,48,286348-425496-450351-7-48-10,AT&T Park,1,0
2010-10-28,65,Cloudy,"12 mph, Out To LF",Aubrey Huff,333492,L,Darren Oliver,119984,L,Groundout,field_out,Aubrey Huff grounds out to first baseman Mitch Moreland.   Cody Ross to 2nd.,SF,TEX,286348,7,bottom,49,286348-333492-119984-7-49-5,AT&T Park,1,0
2010-10-28,65,Cloudy,"12 mph, Out To LF",Juan Uribe,346874,R,Darren Oliver,119984,L,Single,single,Juan Uribe singles on a soft fly ball to right fielder Nelson Cruz.   Cody Ross scores.    Juan Uribe to 2nd.,SF,TEX,286348,7,bottom,50,286348-346874-119984-7-50-2,AT&T Park,2,0
2010-10-28,65,Cloudy,"12 mph, Out To LF",Edgar Renteria,121074,R,Darren Oliver,119984,L,Strikeout,strikeout,Edgar Renteria strikes out swinging.,SF,TEX,286348,7,bottom,51,286348-121074-119984-7-51-4,AT&T Park,2,0
2010-10-28,65,Cloudy,"12 mph, Out To LF",Matt Cain,430912,R,Darren Oliver,119984,L,Strikeout,strikeout,Matt Cain strikes out swinging.,SF,TEX,286348,7,bottom,52,286348-430912-119984-7-52-4,AT&T Park,2,0
2010-10-28,65,Cloudy,"12 mph, Out To LF",Julio Borbon,474865,L,Matt Cain,430912,R,Groundout,field_out,"Julio Borbon grounds out, shortstop Edgar Renteria to first baseman Aubrey Huff.",SF,TEX,286348,8,top,53,286348-474865-430912-8-53-3,AT&T Park,2,0
2010-10-28,65,Cloudy,"12 mph, Out To LF",Elvis Andrus,462101,R,Matt Cain,430912,R,Walk,walk,Elvis Andrus walks.,SF,TEX,286348,8,top,54,286348-462101-430912-8-54-6,AT&T Park,2,0
2010-10-28,65,Cloudy,"12 mph, Out To LF",Michael Young,276545,R,Matt Cain,430912,R,Flyout,field_out,Michael Young flies out to right fielder Nate Schierholtz.,SF,TEX,286348,8,top,55,286348-276545-430912-8-55-4,AT&T Park,2,0
2010-10-28,65,Cloudy,"12 mph, Out To LF",Josh Hamilton,285078,L,Javier Lopez,425657,L,Flyout,field_out,Josh Hamilton flies out to center fielder Andres Torres.,SF,TEX,286348,8,top,56,286348-285078-425657-8-56-4,AT&T Park,2,0
2010-10-28,65,Cloudy,"12 mph, Out To LF",Andres Torres,400083,L,Darren O'Day,503285,R,Strikeout,strikeout,Andres Torres strikes out swinging.,SF,TEX,286348,8,bottom,57,286348-400083-503285-8-57-10,AT&T Park,2,0
2010-10-28,65,Cloudy,"12 mph, Out To LF",Freddy Sanchez,408108,R,Darren O'Day,503285,R,Strikeout,strikeout,Freddy Sanchez strikes out swinging.,SF,TEX,286348,8,bottom,58,286348-408108-503285-8-58-3,AT&T Park,2,0
2010-10-28,65,Cloudy,"12 mph, Out To LF",Buster Posey,457763,R,Darren O'Day,503285,R,Single,single,Buster Posey singles on a soft line drive to second baseman Ian Kinsler.,SF,TEX,286348,8,bottom,59,286348-457763-503285-8-59-4,AT&T Park,2,0
2010-10-28,65,Cloudy,"12 mph, Out To LF",Nate Schierholtz,435625,L,Derek Holland,502706,L,Walk,walk,Nate Schierholtz walks.   Buster Posey to 2nd.,SF,TEX,286348,8,bottom,60,286348-435625-502706-8-60-7,AT&T Park,2,0
2010-10-28,65,Cloudy,"12 mph, Out To LF",Cody Ross,425496,R,Derek Holland,502706,L,Walk,walk,Cody Ross walks.   Buster Posey to 3rd.    Nate Schierholtz to 2nd.,SF,TEX,286348,8,bottom,61,286348-425496-502706-8-61-4,AT&T Park,2,0
2010-10-28,65,Cloudy,"12 mph, Out To LF",Aubrey Huff,333492,L,Derek Holland,502706,L,Walk,walk,Aubrey Huff walks.   Buster Posey scores.    Nate Schierholtz to 3rd.    Cody Ross to 2nd.,SF,TEX,286348,8,bottom,62,286348-333492-502706-8-62-6,AT&T Park,3,0
2010-10-28,65,Cloudy,"12 mph, Out To LF",Juan Uribe,346874,R,Mark Lowe,450275,R,Walk,walk,Juan Uribe walks.   Nate Schierholtz scores.    Cody Ross to 3rd.    Aubrey Huff to 2nd.,SF,TEX,286348,8,bottom,63,286348-346874-450275-8-63-8,AT&T Park,4,0
2010-10-28,65,Cloudy,"12 mph, Out To LF",Edgar Renteria,121074,R,Mark Lowe,450275,R,Single,single,Edgar Renteria singles on a ground ball to left fielder David Murphy.   Cody Ross scores.    Aubrey Huff scores.    Juan Uribe to 3rd.,SF,TEX,286348,8,bottom,64,286348-121074-450275-8-64-9,AT&T Park,6,0
2010-10-28,65,Cloudy,"12 mph, Out To LF",Aaron Rowand,400023,R,Michael Kirkman,457779,L,Triple,triple,Aaron Rowand triples (3) on a line drive to right fielder Nelson Cruz.   Juan Uribe scores.    Edgar Renteria scores.,SF,TEX,286348,8,bottom,65,286348-400023-457779-8-65-8,AT&T Park,8,0
2010-10-28,65,Cloudy,"12 mph, Out To LF",Andres Torres,400083,R,Michael Kirkman,457779,L,Double,double,Andres Torres doubles (44) on a line drive to left fielder David Murphy.   Aaron Rowand scores.,SF,TEX,286348,8,bottom,66,286348-400083-457779-8-66-4,AT&T Park,9,0
2010-10-28,65,Cloudy,"12 mph, Out To LF",Freddy Sanchez,408108,R,Michael Kirkman,457779,L,Strikeout,strikeout,Freddy Sanchez strikes out swinging.,SF,TEX,286348,8,bottom,67,286348-408108-457779-8-67-4,AT&T Park,9,0
2010-10-28,65,Cloudy,"12 mph, Out To LF",Nelson Cruz,443558,R,Guillermo Mota,150407,R,Groundout,field_out,"Nelson Cruz grounds out, third baseman Juan Uribe to first baseman Aubrey Huff.",SF,TEX,286348,9,top,68,286348-443558-150407-9-68-3,AT&T Park,9,0
2010-10-28,65,Cloudy,"12 mph, Out To LF",Ian Kinsler,435079,R,Guillermo Mota,150407,R,Flyout,field_out,Ian Kinsler flies out to right fielder Nate Schierholtz.,SF,TEX,286348,9,top,69,286348-435079-150407-9-69-6,AT&T Park,9,0
2010-10-28,65,Cloudy,"12 mph, Out To LF",David Murphy,461815,L,Guillermo Mota,150407,R,Walk,walk,David Murphy walks.,SF,TEX,286348,9,top,70,286348-461815-150407-9-70-8,AT&T Park,9,0
2010-10-28,65,Cloudy,"12 mph, Out To LF",Jeff Francoeur,425796,R,Guillermo Mota,150407,R,Flyout,field_out,Jeff Francoeur flies out to right fielder Nate Schierholtz in foul territory.,SF,TEX,286348,9,top,71,286348-425796-150407-9-71-5,AT&T Park,9,0
2010-10-31,77,Clear,"13 mph, R To L",Andres Torres,400083,L,Tommy Hunter,488984,R,Single,single,Andres Torres singles on a ground ball to second baseman Ian Kinsler.,TEX,SF,286350,1,top,0,286350-400083-488984-1-0-6,Rangers Ballpark in Arlington,0,0
2010-10-31,77,Clear,"13 mph, R To L",Freddy Sanchez,408108,R,Tommy Hunter,488984,R,Groundout,field_out,"Freddy Sanchez grounds out, third baseman Michael Young to first baseman Mitch Moreland.",TEX,SF,286350,1,top,1,286350-408108-488984-1-1-11,Rangers Ballpark in Arlington,0,0
2010-10-31,77,Clear,"13 mph, R To L",Aubrey Huff,333492,L,Tommy Hunter,488984,R,Groundout,field_out,Aubrey Huff grounds out to first baseman Mitch Moreland.   Andres Torres to 3rd.,TEX,SF,286350,1,top,2,286350-333492-488984-1-2-2,Rangers Ballpark in Arlington,0,0
2010-10-31,77,Clear,"13 mph, R To L",Buster Posey,457763,R,Tommy Hunter,488984,R,Groundout,field_out,"Buster Posey grounds out, shortstop Elvis Andrus to first baseman Mitch Moreland.",TEX,SF,286350,1,top,3,286350-457763-488984-1-3-5,Rangers Ballpark in Arlington,0,0
2010-10-31,77,Clear,"13 mph, R To L",Elvis Andrus,462101,R,Madison Bumgarner,518516,L,Walk,walk,Elvis Andrus walks.,TEX,SF,286350,1,bottom,4,286350-462101-518516-1-4-4,Rangers Ballpark in Arlington,0,0
2010-10-31,77,Clear,"13 mph, R To L",Michael Young,276545,R,Madison Bumgarner,518516,L,Forceout,force_out,"Michael Young grounds into a force out, shortstop Edgar Renteria to second baseman Freddy Sanchez.   Elvis Andrus out at 2nd.    Michael Young to 1st.",TEX,SF,286350,1,bottom,5,286350-276545-518516-1-5-3,Rangers Ballpark in Arlington,0,0
2010-10-31,77,Clear,"13 mph, R To L",Josh Hamilton,285078,L,Madison Bumgarner,518516,L,Grounded Into DP,grounded_into_double_play,"Josh Hamilton grounds into a double play, second baseman Freddy Sanchez to shortstop Edgar Renteria to first baseman Travis Ishikawa.   Michael Young out at 2nd.    Josh Hamilton out at 1st.",TEX,SF,286350,1,bottom,6,286350-285078-518516-1-6-4,Rangers Ballpark in Arlington,0,0
2010-10-31,77,Clear,"13 mph, R To L",Cody Ross,425496,R,Tommy Hunter,488984,R,Walk,walk,Cody Ross walks.,TEX,SF,286350,2,top,7,286350-425496-488984-2-7-4,Rangers Ballpark in Arlington,0,0
2010-10-31,77,Clear,"13 mph, R To L",Juan Uribe,346874,R,Tommy Hunter,488984,R,Flyout,field_out,Juan Uribe flies out to center fielder Josh Hamilton.,TEX,SF,286350,2,top,8,286350-346874-488984-2-8-4,Rangers Ballpark in Arlington,0,0
2010-10-31,77,Clear,"13 mph, R To L",Travis Ishikawa,448170,L,Tommy Hunter,488984,R,Forceout,force_out,"Travis Ishikawa grounds into a force out, second baseman Ian Kinsler to shortstop Elvis Andrus.   Cody Ross out at 2nd.    Travis Ishikawa to 1st.",TEX,SF,286350,2,top,9,286350-448170-488984-2-9-5,Rangers Ballpark in Arlington,0,0
2010-10-31,77,Clear,"13 mph, R To L",Edgar Renteria,121074,R,Tommy Hunter,488984,R,Single,single,Edgar Renteria singles on a line drive to right fielder Jeff Francoeur.   Travis Ishikawa to 3rd.,TEX,SF,286350,2,top,10,286350-121074-488984-2-10-12,Rangers Ballpark in Arlington,0,0
2010-10-31,77,Clear,"13 mph, R To L",Nate Schierholtz,435625,L,Tommy Hunter,488984,R,Lineout,field_out,Nate Schierholtz lines out softly to center fielder Josh Hamilton.,TEX,SF,286350,2,top,11,286350-435625-488984-2-11-2,Rangers Ballpark in Arlington,0,0
2010-10-31,77,Clear,"13 mph, R To L",Vladimir Guerrero,115223,R,Madison Bumgarner,518516,L,Strikeout,strikeout,Vladimir Guerrero called out on strikes.,TEX,SF,286350,2,bottom,12,286350-115223-518516-2-12-7,Rangers Ballpark in Arlington,0,0
2010-10-31,77,Clear,"13 mph, R To L",Nelson Cruz,443558,R,Madison Bumgarner,518516,L,Flyout,field_out,Nelson Cruz flies out to center fielder Andres Torres.,TEX,SF,286350,2,bottom,13,286350-443558-518516-2-13-4,Rangers Ballpark in Arlington,0,0
2010-10-31,77,Clear,"13 mph, R To L",Ian Kinsler,435079,R,Madison Bumgarner,518516,L,Walk,walk,Ian Kinsler walks.,TEX,SF,286350,2,bottom,14,286350-435079-518516-2-14-6,Rangers Ballpark in Arlington,0,0
2010-10-31,77,Clear,"13 mph, R To L",Jeff Francoeur,425796,R,Madison Bumgarner,518516,L,Lineout,field_out,Jeff Francoeur lines out sharply to second baseman Freddy Sanchez.,TEX,SF,286350,2,bottom,15,286350-425796-518516-2-15-8,Rangers Ballpark in Arlington,0,0
2010-10-31,77,Clear,"13 mph, R To L",Andres Torres,400083,L,Tommy Hunter,488984,R,Double,double,Andres Torres doubles (44) on a ground ball to right fielder Jeff Francoeur.,TEX,SF,286350,3,top,16,286350-400083-488984-3-16-8,Rangers Ballpark in Arlington,0,0
2010-10-31,77,Clear,"13 mph, R To L",Freddy Sanchez,408108,R,Tommy Hunter,488984,R,Groundout,field_out,"Freddy Sanchez grounds out, third baseman Michael Young to first baseman Mitch Moreland.",TEX,SF,286350,3,top,17,286350-408108-488984-3-17-9,Rangers Ballpark in Arlington,0,0
2010-10-31,77,Clear,"13 mph, R To L",Aubrey Huff,333492,L,Tommy Hunter,488984,R,Home Run,home_run,Aubrey Huff homers (27) on a fly ball to right field.    Andres Torres scores.,TEX,SF,286350,3,top,18,286350-333492-488984-3-18-1,Rangers Ballpark in Arlington,0,2
2010-10-31,77,Clear,"13 mph, R To L",Buster Posey,457763,R,Tommy Hunter,488984,R,Strikeout,strikeout,Buster Posey called out on strikes.,TEX,SF,286350,3,top,19,286350-457763-488984-3-19-4,Rangers Ballpark in Arlington,0,2
2010-10-31,77,Clear,"13 mph, R To L",Cody Ross,425496,R,Tommy Hunter,488984,R,Flyout,field_out,Cody Ross flies out softly to right fielder Jeff Francoeur.,TEX,SF,286350,3,top,20,286350-425496-488984-3-20-6,Rangers Ballpark in Arlington,0,2
2010-10-31,77,Clear,"13 mph, R To L",Bengie Molina,134260,R,Madison Bumgarner,518516,L,Groundout,field_out,"Bengie Molina grounds out, shortstop Edgar Renteria to first baseman Travis Ishikawa.",TEX,SF,286350,3,bottom,21,286350-134260-518516-3-21-2,Rangers Ballpark in Arlington,0,2
2010-10-31,77,Clear,"13 mph, R To L",Mitch Moreland,519048,L,Madison Bumgarner,518516,L,Strikeout,strikeout,Mitch Moreland strikes out on a foul tip.,TEX,SF,286350,3,bottom,22,286350-519048-518516-3-22-3,Rangers Ballpark in Arlington,0,2
2010-10-31,77,Clear,"13 mph, R To L",Elvis Andrus,462101,R,Madison Bumgarner,518516,L,Groundout,field_out,"Elvis Andrus grounds out, shortstop Edgar Renteria to first baseman Travis Ishikawa.",TEX,SF,286350,3,bottom,23,286350-462101-518516-3-23-3,Rangers Ballpark in Arlington,0,2
2010-10-31,77,Clear,"13 mph, R To L",Juan Uribe,346874,R,Tommy Hunter,488984,R,Flyout,field_out,Juan Uribe flies out to left fielder Nelson Cruz.,TEX,SF,286350,4,top,24,286350-346874-488984-4-24-1,Rangers Ballpark in Arlington,0,2
2010-10-31,77,Clear,"13 mph, R To L",Travis Ishikawa,448170,L,Tommy Hunter,488984,R,Groundout,field_out,"Travis Ishikawa grounds out, second baseman Ian Kinsler to first baseman Mitch Moreland.",TEX,SF,286350,4,top,25,286350-448170-488984-4-25-2,Rangers Ballpark in Arlington,0,2
2010-10-31,77,Clear,"13 mph, R To L",Edgar Renteria,121074,R,Tommy Hunter,488984,R,Single,single,"Edgar Renteria singles on a sharp line drive to left fielder Nelson Cruz, deflected by third baseman Michael Young.",TEX,SF,286350,4,top,26,286350-121074-488984-4-26-3,Rangers Ballpark in Arlington,0,2
2010-10-31,77,Clear,"13 mph, R To L",Nate Schierholtz,435625,L,Tommy Hunter,488984,R,Flyout,field_out,Nate Schierholtz flies out to left fielder Nelson Cruz.,TEX,SF,286350,4,top,27,286350-435625-488984-4-27-8,Rangers Ballpark in Arlington,0,2
2010-10-31,77,Clear,"13 mph, R To L",Michael Young,276545,R,Madison Bumgarner,518516,L,Single,single,Michael Young singles on a ground ball to second baseman Freddy Sanchez.,TEX,SF,286350,4,bottom,28,286350-276545-518516-4-28-5,Rangers Ballpark in Arlington,0,2
2010-10-31,77,Clear,"13 mph, R To L",Josh Hamilton,285078,L,Madison Bumgarner,518516,L,Forceout,force_out,"Josh Hamilton lines into a force out, pitcher Madison Bumgarner to second baseman Freddy Sanchez.   Michael Young out at 2nd.    Josh Hamilton to 1st.",TEX,SF,286350,4,bottom,29,286350-285078-518516-4-29-1,Rangers Ballpark in Arlington,0,2
2010-10-31,77,Clear,"13 mph, R To L",Vladimir Guerrero,115223,R,Madison Bumgarner,518516,L,Strikeout,strikeout,Vladimir Guerrero strikes out swinging.,TEX,SF,286350,4,bottom,30,286350-115223-518516-4-30-4,Rangers Ballpark in Arlington,0,2
2010-10-31,77,Clear,"13 mph, R To L",Nelson Cruz,443558,R,Madison Bumgarner,518516,L,Caught Stealing 2B,caught_stealing_2b,"Josh Hamilton caught stealing 2nd base, catcher Buster Posey to second baseman Freddy Sanchez.",TEX,SF,286350,4,bottom,31,286350-443558-518516-4-31-1,Rangers Ballpark in Arlington,0,2
2010-10-31,77,Clear,"13 mph, R To L",Andres Torres,400083,L,Alexi Ogando,468396,R,Flyout,field_out,Andres Torres flies out softly to left fielder Nelson Cruz.,TEX,SF,286350,5,top,32,286350-400083-468396-5-32-3,Rangers Ballpark in Arlington,0,2
2010-10-31,77,Clear,"13 mph, R To L",Freddy Sanchez,408108,R,Alexi Ogando,468396,R,Flyout,field_out,Freddy Sanchez flies out to center fielder Josh Hamilton.,TEX,SF,286350,5,top,33,286350-408108-468396-5-33-3,Rangers Ballpark in Arlington,0,2
2010-10-31,77,Clear,"13 mph, R To L",Aubrey Huff,333492,L,Alexi Ogando,468396,R,Strikeout,strikeout,Aubrey Huff strikes out swinging.,TEX,SF,286350,5,top,34,286350-333492-468396-5-34-5,Rangers Ballpark in Arlington,0,2
2010-10-31,77,Clear,"13 mph, R To L",Nelson Cruz,443558,R,Madison Bumgarner,518516,L,Pop Out,field_out,Nelson Cruz pops out to shortstop Edgar Renteria.,TEX,SF,286350,5,bottom,35,286350-443558-518516-5-35-3,Rangers Ballpark in Arlington,0,2
2010-10-31,77,Clear,"13 mph, R To L",Ian Kinsler,435079,R,Madison Bumgarner,518516,L,Lineout,field_out,Ian Kinsler lines out to left fielder Cody Ross.,TEX,SF,286350,5,bottom,36,286350-435079-518516-5-36-2,Rangers Ballpark in Arlington,0,2
2010-10-31,77,Clear,"13 mph, R To L",Jeff Francoeur,425796,R,Madison Bumgarner,518516,L,Groundout,field_out,"Jeff Francoeur grounds out, third baseman Juan Uribe to first baseman Travis Ishikawa.",TEX,SF,286350,5,bottom,37,286350-425796-518516-5-37-3,Rangers Ballpark in Arlington,0,2
2010-10-31,77,Clear,"13 mph, R To L",Buster Posey,457763,R,Alexi Ogando,468396,R,Groundout,field_out,"Buster Posey grounds out, third baseman Michael Young to first baseman Mitch Moreland.",TEX,SF,286350,6,top,38,286350-457763-468396-6-38-2,Rangers Ballpark in Arlington,0,2
2010-10-31,77,Clear,"13 mph, R To L",Cody Ross,425496,R,Alexi Ogando,468396,R,Strikeout,strikeout,Cody Ross strikes out swinging.,TEX,SF,286350,6,top,39,286350-425496-468396-6-39-5,Rangers Ballpark in Arlington,0,2
2010-10-31,77,Clear,"13 mph, R To L",Juan Uribe,346874,R,Darren Oliver,119984,L,Pop Out,field_out,Juan Uribe pops out to catcher Bengie Molina in foul territory.,TEX,SF,286350,6,top,40,286350-346874-119984-6-40-6,Rangers Ballpark in Arlington,0,2
2010-10-31,77,Clear,"13 mph, R To L",Bengie Molina,134260,R,Madison Bumgarner,518516,L,Groundout,field_out,"Bengie Molina grounds out, third baseman Juan Uribe to first baseman Travis Ishikawa.",TEX,SF,286350,6,bottom,41,286350-134260-518516-6-41-4,Rangers Ballpark in Arlington,0,2
2010-10-31,77,Clear,"13 mph, R To L",Mitch Moreland,519048,L,Madison Bumgarner,518516,L,Single,single,Mitch Moreland singles on a line drive to right fielder Nate Schierholtz.,TEX,SF,286350,6,bottom,42,286350-519048-518516-6-42-6,Rangers Ballpark in Arlington,0,2
2010-10-31,77,Clear,"13 mph, R To L",Elvis Andrus,462101,R,Madison Bumgarner,518516,L,Grounded Into DP,grounded_into_double_play,"Elvis Andrus grounds into a double play, second baseman Freddy Sanchez to shortstop Edgar Renteria to first baseman Travis Ishikawa.   Mitch Moreland out at 2nd.    Elvis Andrus out at 1st.",TEX,SF,286350,6,bottom,43,286350-462101-518516-6-43-3,Rangers Ballpark in Arlington,0,2
2010-10-31,77,Clear,"13 mph, R To L",Travis Ishikawa,448170,L,Darren Oliver,119984,L,Strikeout,strikeout,Travis Ishikawa strikes out swinging.,TEX,SF,286350,7,top,44,286350-448170-119984-7-44-4,Rangers Ballpark in Arlington,0,2
2010-10-31,77,Clear,"13 mph, R To L",Edgar Renteria,121074,R,Darren Oliver,119984,L,Single,single,Edgar Renteria singles on a ground ball to left fielder Nelson Cruz.,TEX,SF,286350,7,top,45,286350-121074-119984-7-45-4,Rangers Ballpark in Arlington,0,2
2010-10-31,77,Clear,"13 mph, R To L",Nate Schierholtz,435625,L,Darren Oliver,119984,L,Strikeout,strikeout,Nate Schierholtz called out on strikes.,TEX,SF,286350,7,top,46,286350-435625-119984-7-46-7,Rangers Ballpark in Arlington,0,2
2010-10-31,77,Clear,"13 mph, R To L",Andres Torres,400083,R,Darren Oliver,119984,L,Double,double,Andres Torres doubles (45) on a line drive to center fielder Josh Hamilton.   Edgar Renteria scores.,TEX,SF,286350,7,top,47,286350-400083-119984-7-47-2,Rangers Ballpark in Arlington,0,3
2010-10-31,77,Clear,"13 mph, R To L",Freddy Sanchez,408108,R,Darren Oliver,119984,L,Groundout,field_out,"Freddy Sanchez grounds out, pitcher Darren Oliver to first baseman Mitch Moreland.",TEX,SF,286350,7,top,48,286350-408108-119984-7-48-2,Rangers Ballpark in Arlington,0,3
2010-10-31,77,Clear,"13 mph, R To L",Michael Young,276545,R,Madison Bumgarner,518516,L,Strikeout,strikeout,Michael Young strikes out swinging.,TEX,SF,286350,7,bottom,49,286350-276545-518516-7-49-4,Rangers Ballpark in Arlington,0,3
2010-10-31,77,Clear,"13 mph, R To L",Josh Hamilton,285078,L,Madison Bumgarner,518516,L,Field Error,field_error,Josh Hamilton reaches on a fielding error by third baseman Juan Uribe.,TEX,SF,286350,7,bottom,50,286350-285078-518516-7-50-3,Rangers Ballpark in Arlington,0,3
2010-10-31,77,Clear,"13 mph, R To L",Vladimir Guerrero,115223,R,Madison Bumgarner,518516,L,Strikeout,strikeout,Vladimir Guerrero strikes out swinging.,TEX,SF,286350,7,bottom,51,286350-115223-518516-7-51-7,Rangers Ballpark in Arlington,0,3
2010-10-31,77,Clear,"13 mph, R To L",Nelson Cruz,443558,R,Madison Bumgarner,518516,L,Single,single,Nelson Cruz singles on a ground ball to center fielder Andres Torres.   Josh Hamilton to 2nd.,TEX,SF,286350,7,bottom,52,286350-443558-518516-7-52-4,Rangers Ballpark in Arlington,0,3
2010-10-31,77,Clear,"13 mph, R To L",Ian Kinsler,435079,R,Madison Bumgarner,518516,L,Lineout,field_out,Ian Kinsler lines out softly to left fielder Cody Ross.,TEX,SF,286350,7,bottom,53,286350-435079-518516-7-53-2,Rangers Ballpark in Arlington,0,3
2010-10-31,77,Clear,"13 mph, R To L",Aubrey Huff,333492,L,Darren Oliver,119984,L,Groundout,field_out,Aubrey Huff grounds out to first baseman Mitch Moreland.,TEX,SF,286350,8,top,54,286350-333492-119984-8-54-2,Rangers Ballpark in Arlington,0,3
2010-10-31,77,Clear,"13 mph, R To L",Buster Posey,457763,R,Darren O'Day,503285,R,Home Run,home_run,Buster Posey homers (19) on a fly ball to center field.,TEX,SF,286350,8,top,55,286350-457763-503285-8-55-9,Rangers Ballpark in Arlington,0,4
2010-10-31,77,Clear,"13 mph, R To L",Cody Ross,425496,R,Darren O'Day,503285,R,Pop Out,field_out,Cody Ross pops out to first baseman Mitch Moreland in foul territory.,TEX,SF,286350,8,top,56,286350-425496-503285-8-56-6,Rangers Ballpark in Arlington,0,4
2010-10-31,77,Clear,"13 mph, R To L",Juan Uribe,346874,R,Darren O'Day,503285,R,Pop Out,field_out,Juan Uribe pops out to first baseman Mitch Moreland in foul territory.,TEX,SF,286350,8,top,57,286350-346874-503285-8-57-6,Rangers Ballpark in Arlington,0,4
2010-10-31,77,Clear,"13 mph, R To L",Jeff Francoeur,425796,R,Madison Bumgarner,518516,L,Flyout,field_out,Jeff Francoeur flies out to left fielder Cody Ross.,TEX,SF,286350,8,bottom,58,286350-425796-518516-8-58-4,Rangers Ballpark in Arlington,0,4
2010-10-31,77,Clear,"13 mph, R To L",Bengie Molina,134260,R,Madison Bumgarner,518516,L,Lineout,field_out,Bengie Molina lines out to left fielder Cody Ross.,TEX,SF,286350,8,bottom,59,286350-134260-518516-8-59-4,Rangers Ballpark in Arlington,0,4
2010-10-31,77,Clear,"13 mph, R To L",Mitch Moreland,519048,L,Madison Bumgarner,518516,L,Strikeout,strikeout,Mitch Moreland called out on strikes.,TEX,SF,286350,8,bottom,60,286350-519048-518516-8-60-6,Rangers Ballpark in Arlington,0,4
2010-10-31,77,Clear,"13 mph, R To L",Travis Ishikawa,448170,L,Derek Holland,502706,L,Walk,walk,Travis Ishikawa walks.,TEX,SF,286350,9,top,61,286350-448170-502706-9-61-8,Rangers Ballpark in Arlington,0,4
2010-10-31,77,Clear,"13 mph, R To L",Edgar Renteria,121074,R,Derek Holland,502706,L,Strikeout,strikeout,Edgar Renteria called out on strikes.,TEX,SF,286350,9,top,62,286350-121074-502706-9-62-3,Rangers Ballpark in Arlington,0,4
2010-10-31,77,Clear,"13 mph, R To L",Nate Schierholtz,435625,L,Derek Holland,502706,L,Flyout,field_out,Nate Schierholtz flies out to center fielder Josh Hamilton.,TEX,SF,286350,9,top,63,286350-435625-502706-9-63-4,Rangers Ballpark in Arlington,0,4
2010-10-31,77,Clear,"13 mph, R To L",Andres Torres,400083,R,Derek Holland,502706,L,Forceout,force_out,"Andres Torres grounds into a force out, third baseman Michael Young to second baseman Ian Kinsler.   Travis Ishikawa out at 2nd.    Andres Torres to 1st.",TEX,SF,286350,9,top,64,286350-400083-502706-9-64-6,Rangers Ballpark in Arlington,0,4
2010-10-31,77,Clear,"13 mph, R To L",Elvis Andrus,462101,R,Brian Wilson,451216,R,Lineout,field_out,Elvis Andrus lines out to right fielder Nate Schierholtz.,TEX,SF,286350,9,bottom,65,286350-462101-451216-9-65-4,Rangers Ballpark in Arlington,0,4
2010-10-31,77,Clear,"13 mph, R To L",Michael Young,276545,R,Brian Wilson,451216,R,Strikeout,strikeout,Michael Young strikes out swinging.,TEX,SF,286350,9,bottom,66,286350-276545-451216-9-66-5,Rangers Ballpark in Arlington,0,4
2010-10-31,77,Clear,"13 mph, R To L",Josh Hamilton,285078,L,Brian Wilson,451216,R,Strikeout,strikeout,Josh Hamilton strikes out swinging.,TEX,SF,286350,9,bottom,67,286350-285078-451216-9-67-3,Rangers Ballpark in Arlington,0,4
2010-10-30,79,Clear,"13 mph, R To L",Andres Torres,400083,L,Colby Lewis,407890,R,Groundout,field_out,"Andres Torres grounds out, first baseman Mitch Moreland to pitcher Colby Lewis.",TEX,SF,286349,1,top,0,286349-400083-407890-1-0-4,Rangers Ballpark in Arlington,0,0
2010-10-30,79,Clear,"13 mph, R To L",Freddy Sanchez,408108,R,Colby Lewis,407890,R,Single,single,Freddy Sanchez singles on a line drive to right fielder Jeff Francoeur.,TEX,SF,286349,1,top,1,286349-408108-407890-1-1-4,Rangers Ballpark in Arlington,0,0
2010-10-30,79,Clear,"13 mph, R To L",Aubrey Huff,333492,L,Colby Lewis,407890,R,Flyout,field_out,Aubrey Huff flies out to right fielder Jeff Francoeur.,TEX,SF,286349,1,top,2,286349-333492-407890-1-2-2,Rangers Ballpark in Arlington,0,0
2010-10-30,79,Clear,"13 mph, R To L",Buster Posey,457763,R,Colby Lewis,407890,R,Walk,walk,Buster Posey walks.   Freddy Sanchez to 2nd.,TEX,SF,286349,1,top,3,286349-457763-407890-1-3-7,Rangers Ballpark in Arlington,0,0
2010-10-30,79,Clear,"13 mph, R To L",Pat Burrell,150100,R,Colby Lewis,407890,R,Strikeout,strikeout,Pat Burrell strikes out swinging.,TEX,SF,286349,1,top,4,286349-150100-407890-1-4-4,Rangers Ballpark in Arlington,0,0
2010-10-30,79,Clear,"13 mph, R To L",Elvis Andrus,462101,R,Jonathan Sanchez,456043,L,Strikeout,strikeout,Elvis Andrus strikes out on a foul tip.,TEX,SF,286349,1,bottom,5,286349-462101-456043-1-5-4,Rangers Ballpark in Arlington,0,0
2010-10-30,79,Clear,"13 mph, R To L",Michael Young,276545,R,Jonathan Sanchez,456043,L,Single,single,Michael Young singles on a line drive to left fielder Pat Burrell.,TEX,SF,286349,1,bottom,6,286349-276545-456043-1-6-3,Rangers Ballpark in Arlington,0,0
2010-10-30,79,Clear,"13 mph, R To L",Josh Hamilton,285078,L,Jonathan Sanchez,456043,L,Pop Out,field_out,Josh Hamilton pops out to third baseman Juan Uribe.,TEX,SF,286349,1,bottom,7,286349-285078-456043-1-7-1,Rangers Ballpark in Arlington,0,0
2010-10-30,79,Clear,"13 mph, R To L",Vladimir Guerrero,115223,R,Jonathan Sanchez,456043,L,Lineout,field_out,Vladimir Guerrero lines out to left fielder Pat Burrell.,TEX,SF,286349,1,bottom,8,286349-115223-456043-1-8-2,Rangers Ballpark in Arlington,0,0
2010-10-30,79,Clear,"13 mph, R To L",Cody Ross,425496,R,Colby Lewis,407890,R,Walk,walk,Cody Ross walks.,TEX,SF,286349,2,top,9,286349-425496-407890-2-9-8,Rangers Ballpark in Arlington,0,0
2010-10-30,79,Clear,"13 mph, R To L",Juan Uribe,346874,R,Colby Lewis,407890,R,Pop Out,field_out,Juan Uribe pops out to second baseman Ian Kinsler in foul territory.,TEX,SF,286349,2,top,10,286349-346874-407890-2-10-3,Rangers Ballpark in Arlington,0,0
2010-10-30,79,Clear,"13 mph, R To L",Pablo Sandoval,467055,L,Colby Lewis,407890,R,Grounded Into DP,grounded_into_double_play,"Pablo Sandoval grounds into a double play, second baseman Ian Kinsler to shortstop Elvis Andrus to first baseman Mitch Moreland.   Cody Ross out at 2nd.    Pablo Sandoval out at 1st.",TEX,SF,286349,2,top,11,286349-467055-407890-2-11-5,Rangers Ballpark in Arlington,0,0
2010-10-30,79,Clear,"13 mph, R To L",Nelson Cruz,443558,R,Jonathan Sanchez,456043,L,Double,double,Nelson Cruz doubles (32) on a sharp line drive to center fielder Andres Torres.,TEX,SF,286349,2,bottom,12,286349-443558-456043-2-12-1,Rangers Ballpark in Arlington,0,0
2010-10-30,79,Clear,"13 mph, R To L",Ian Kinsler,435079,R,Jonathan Sanchez,456043,L,Groundout,field_out,"Ian Kinsler grounds out, shortstop Edgar Renteria to first baseman Aubrey Huff.   Nelson Cruz to 3rd.",TEX,SF,286349,2,bottom,13,286349-435079-456043-2-13-2,Rangers Ballpark in Arlington,0,0
2010-10-30,79,Clear,"13 mph, R To L",Jeff Francoeur,425796,R,Jonathan Sanchez,456043,L,Groundout,field_out,"Jeff Francoeur grounds out, third baseman Juan Uribe to first baseman Aubrey Huff.",TEX,SF,286349,2,bottom,14,286349-425796-456043-2-14-1,Rangers Ballpark in Arlington,0,0
2010-10-30,79,Clear,"13 mph, R To L",Bengie Molina,134260,R,Jonathan Sanchez,456043,L,Walk,walk,Bengie Molina walks.,TEX,SF,286349,2,bottom,15,286349-134260-456043-2-15-5,Rangers Ballpark in Arlington,0,0
2010-10-30,79,Clear,"13 mph, R To L",Mitch Moreland,519048,L,Jonathan Sanchez,456043,L,Home Run,home_run,Mitch Moreland homers (10) on a line drive to right field.    Nelson Cruz scores.    Bengie Molina scores.,TEX,SF,286349,2,bottom,16,286349-519048-456043-2-16-9,Rangers Ballpark in Arlington,3,0
2010-10-30,79,Clear,"13 mph, R To L",Elvis Andrus,462101,R,Jonathan Sanchez,456043,L,Groundout,field_out,"Elvis Andrus grounds out, third baseman Juan Uribe to first baseman Aubrey Huff.",TEX,SF,286349,2,bottom,17,286349-462101-456043-2-17-5,Rangers Ballpark in Arlington,3,0
2010-10-30,79,Clear,"13 mph, R To L",Edgar Renteria,121074,R,Colby Lewis,407890,R,Strikeout,strikeout,Edgar Renteria called out on strikes.,TEX,SF,286349,3,top,18,286349-121074-407890-3-18-5,Rangers Ballpark in Arlington,3,0
2010-10-30,79,Clear,"13 mph, R To L",Andres Torres,400083,L,Colby Lewis,407890,R,Pop Out,field_out,Andres Torres pops out to third baseman Michael Young in foul territory.,TEX,SF,286349,3,top,19,286349-400083-407890-3-19-4,Rangers Ballpark in Arlington,3,0
2010-10-30,79,Clear,"13 mph, R To L",Freddy Sanchez,408108,R,Colby Lewis,407890,R,Flyout,field_out,Freddy Sanchez flies out to center fielder Josh Hamilton.,TEX,SF,286349,3,top,20,286349-408108-407890-3-20-1,Rangers Ballpark in Arlington,3,0
2010-10-30,79,Clear,"13 mph, R To L",Michael Young,276545,R,Jonathan Sanchez,456043,L,Single,single,Michael Young singles on a line drive to left fielder Pat Burrell.,TEX,SF,286349,3,bottom,21,286349-276545-456043-3-21-3,Rangers Ballpark in Arlington,3,0
2010-10-30,79,Clear,"13 mph, R To L",Josh Hamilton,285078,L,Jonathan Sanchez,456043,L,Groundout,field_out,"Josh Hamilton grounds out, second baseman Freddy Sanchez to first baseman Aubrey Huff.   Michael Young to 2nd.",TEX,SF,286349,3,bottom,22,286349-285078-456043-3-22-7,Rangers Ballpark in Arlington,3,0
2010-10-30,79,Clear,"13 mph, R To L",Vladimir Guerrero,115223,R,Jonathan Sanchez,456043,L,Groundout,field_out,"Vladimir Guerrero grounds out, third baseman Juan Uribe to first baseman Aubrey Huff.",TEX,SF,286349,3,bottom,23,286349-115223-456043-3-23-2,Rangers Ballpark in Arlington,3,0
2010-10-30,79,Clear,"13 mph, R To L",Nelson Cruz,443558,R,Jonathan Sanchez,456043,L,Groundout,field_out,"Nelson Cruz grounds out, third baseman Juan Uribe to first baseman Aubrey Huff.",TEX,SF,286349,3,bottom,24,286349-443558-456043-3-24-2,Rangers Ballpark in Arlington,3,0
2010-10-30,79,Clear,"13 mph, R To L",Aubrey Huff,333492,L,Colby Lewis,407890,R,Groundout,field_out,"Aubrey Huff grounds out, shortstop Elvis Andrus to first baseman Mitch Moreland.",TEX,SF,286349,4,top,25,286349-333492-407890-4-25-4,Rangers Ballpark in Arlington,3,0
2010-10-30,79,Clear,"13 mph, R To L",Buster Posey,457763,R,Colby Lewis,407890,R,Single,single,Buster Posey singles on a line drive to left fielder Nelson Cruz.,TEX,SF,286349,4,top,26,286349-457763-407890-4-26-1,Rangers Ballpark in Arlington,3,0
2010-10-30,79,Clear,"13 mph, R To L",Pat Burrell,150100,R,Colby Lewis,407890,R,Strikeout,strikeout,Pat Burrell strikes out swinging.,TEX,SF,286349,4,top,27,286349-150100-407890-4-27-3,Rangers Ballpark in Arlington,3,0
2010-10-30,79,Clear,"13 mph, R To L",Cody Ross,425496,R,Colby Lewis,407890,R,Flyout,field_out,Cody Ross flies out to center fielder Josh Hamilton.,TEX,SF,286349,4,top,28,286349-425496-407890-4-28-1,Rangers Ballpark in Arlington,3,0
2010-10-30,79,Clear,"13 mph, R To L",Ian Kinsler,435079,R,Jonathan Sanchez,456043,L,Strikeout,strikeout,Ian Kinsler called out on strikes.,TEX,SF,286349,4,bottom,29,286349-435079-456043-4-29-3,Rangers Ballpark in Arlington,3,0
2010-10-30,79,Clear,"13 mph, R To L",Jeff Francoeur,425796,R,Jonathan Sanchez,456043,L,Strikeout,strikeout,Jeff Francoeur called out on strikes.,TEX,SF,286349,4,bottom,30,286349-425796-456043-4-30-3,Rangers Ballpark in Arlington,3,0
2010-10-30,79,Clear,"13 mph, R To L",Bengie Molina,134260,R,Jonathan Sanchez,456043,L,Walk,walk,Bengie Molina walks.,TEX,SF,286349,4,bottom,31,286349-134260-456043-4-31-4,Rangers Ballpark in Arlington,3,0
2010-10-30,79,Clear,"13 mph, R To L",Mitch Moreland,519048,L,Jonathan Sanchez,456043,L,Pop Out,field_out,Mitch Moreland pops out to third baseman Juan Uribe.,TEX,SF,286349,4,bottom,32,286349-519048-456043-4-32-1,Rangers Ballpark in Arlington,3,0
2010-10-30,79,Clear,"13 mph, R To L",Juan Uribe,346874,R,Colby Lewis,407890,R,Flyout,field_out,Juan Uribe flies out to center fielder Josh Hamilton.,TEX,SF,286349,5,top,33,286349-346874-407890-5-33-5,Rangers Ballpark in Arlington,3,0
2010-10-30,79,Clear,"13 mph, R To L",Pablo Sandoval,467055,L,Colby Lewis,407890,R,Strikeout,strikeout,"Pablo Sandoval strikes out swinging, catcher Bengie Molina to first baseman Mitch Moreland.",TEX,SF,286349,5,top,34,286349-467055-407890-5-34-3,Rangers Ballpark in Arlington,3,0
2010-10-30,79,Clear,"13 mph, R To L",Edgar Renteria,121074,R,Colby Lewis,407890,R,Groundout,field_out,"Edgar Renteria grounds out, third baseman Michael Young to first baseman Mitch Moreland.",TEX,SF,286349,5,top,35,286349-121074-407890-5-35-2,Rangers Ballpark in Arlington,3,0
2010-10-30,79,Clear,"13 mph, R To L",Elvis Andrus,462101,R,Jonathan Sanchez,456043,L,Single,single,Elvis Andrus singles on a ground ball to center fielder Andres Torres.,TEX,SF,286349,5,bottom,36,286349-462101-456043-5-36-6,Rangers Ballpark in Arlington,3,0
2010-10-30,79,Clear,"13 mph, R To L",Michael Young,276545,R,Jonathan Sanchez,456043,L,Grounded Into DP,grounded_into_double_play,"Michael Young grounds into a double play, third baseman Juan Uribe to second baseman Freddy Sanchez to first baseman Aubrey Huff.   Elvis Andrus out at 2nd.    Michael Young out at 1st.",TEX,SF,286349,5,bottom,37,286349-276545-456043-5-37-3,Rangers Ballpark in Arlington,3,0
2010-10-30,79,Clear,"13 mph, R To L",Josh Hamilton,285078,L,Jonathan Sanchez,456043,L,Home Run,home_run,Josh Hamilton homers (33) on a fly ball to right center field.,TEX,SF,286349,5,bottom,38,286349-285078-456043-5-38-4,Rangers Ballpark in Arlington,4,0
2010-10-30,79,Clear,"13 mph, R To L",Vladimir Guerrero,115223,R,Jonathan Sanchez,456043,L,Walk,walk,Vladimir Guerrero walks.,TEX,SF,286349,5,bottom,39,286349-115223-456043-5-39-4,Rangers Ballpark in Arlington,4,0
2010-10-30,79,Clear,"13 mph, R To L",Nelson Cruz,443558,R,Guillermo Mota,150407,R,Caught Stealing 2B,caught_stealing_2b,"Vladimir Guerrero caught stealing 2nd base, catcher Buster Posey to second baseman Freddy Sanchez.",TEX,SF,286349,5,bottom,40,286349-443558-150407-5-40-8,Rangers Ballpark in Arlington,4,0
2010-10-30,79,Clear,"13 mph, R To L",Andres Torres,400083,L,Colby Lewis,407890,R,Groundout,field_out,"Andres Torres grounds out, shortstop Elvis Andrus to first baseman Mitch Moreland.",TEX,SF,286349,6,top,41,286349-400083-407890-6-41-4,Rangers Ballpark in Arlington,4,0
2010-10-30,79,Clear,"13 mph, R To L",Freddy Sanchez,408108,R,Colby Lewis,407890,R,Groundout,field_out,"Freddy Sanchez grounds out, third baseman Michael Young to first baseman Mitch Moreland.",TEX,SF,286349,6,top,42,286349-408108-407890-6-42-3,Rangers Ballpark in Arlington,4,0
2010-10-30,79,Clear,"13 mph, R To L",Aubrey Huff,333492,L,Colby Lewis,407890,R,Double,double,Aubrey Huff doubles (36) on a line drive to right fielder Jeff Francoeur.,TEX,SF,286349,6,top,43,286349-333492-407890-6-43-2,Rangers Ballpark in Arlington,4,0
2010-10-30,79,Clear,"13 mph, R To L",Buster Posey,457763,R,Colby Lewis,407890,R,Strikeout,strikeout,Buster Posey called out on strikes.,TEX,SF,286349,6,top,44,286349-457763-407890-6-44-4,Rangers Ballpark in Arlington,4,0
2010-10-30,79,Clear,"13 mph, R To L",Nelson Cruz,443558,R,Guillermo Mota,150407,R,Flyout,field_out,Nelson Cruz flies out to left fielder Pat Burrell.,TEX,SF,286349,6,bottom,45,286349-443558-150407-6-45-2,Rangers Ballpark in Arlington,4,0
2010-10-30,79,Clear,"13 mph, R To L",Ian Kinsler,435079,R,Guillermo Mota,150407,R,Single,single,Ian Kinsler singles on a soft fly ball to left fielder Pat Burrell.,TEX,SF,286349,6,bottom,46,286349-435079-150407-6-46-6,Rangers Ballpark in Arlington,4,0
2010-10-30,79,Clear,"13 mph, R To L",Jeff Francoeur,425796,R,Guillermo Mota,150407,R,Walk,walk,Jeff Francoeur walks.,TEX,SF,286349,6,bottom,47,286349-425796-150407-6-47-7,Rangers Ballpark in Arlington,4,0
2010-10-30,79,Clear,"13 mph, R To L",Bengie Molina,134260,R,Guillermo Mota,150407,R,Grounded Into DP,grounded_into_double_play,"Bengie Molina grounds into a double play, shortstop Edgar Renteria to second baseman Freddy Sanchez to first baseman Aubrey Huff.   Jeff Francoeur out at 2nd.    Bengie Molina out at 1st.",TEX,SF,286349,6,bottom,48,286349-134260-150407-6-48-5,Rangers Ballpark in Arlington,4,0
2010-10-30,79,Clear,"13 mph, R To L",Pat Burrell,150100,R,Colby Lewis,407890,R,Strikeout,strikeout,Pat Burrell strikes out swinging.,TEX,SF,286349,7,top,49,286349-150100-407890-7-49-6,Rangers Ballpark in Arlington,4,0
2010-10-30,79,Clear,"13 mph, R To L",Cody Ross,425496,R,Colby Lewis,407890,R,Home Run,home_run,Cody Ross homers (15) on a fly ball to left center field.,TEX,SF,286349,7,top,50,286349-425496-407890-7-50-6,Rangers Ballpark in Arlington,4,1
2010-10-30,79,Clear,"13 mph, R To L",Juan Uribe,346874,R,Colby Lewis,407890,R,Groundout,field_out,"Juan Uribe grounds out, third baseman Michael Young to first baseman Mitch Moreland.",TEX,SF,286349,7,top,51,286349-346874-407890-7-51-5,Rangers Ballpark in Arlington,4,1
2010-10-30,79,Clear,"13 mph, R To L",Pablo Sandoval,467055,L,Colby Lewis,407890,R,Lineout,field_out,Pablo Sandoval lines out to center fielder Josh Hamilton.,TEX,SF,286349,7,top,52,286349-467055-407890-7-52-1,Rangers Ballpark in Arlington,4,1
2010-10-30,79,Clear,"13 mph, R To L",Mitch Moreland,519048,L,Jeremy Affeldt,346793,L,Groundout,field_out,Mitch Moreland grounds out to first baseman Aubrey Huff.,TEX,SF,286349,7,bottom,53,286349-519048-346793-7-53-2,Rangers Ballpark in Arlington,4,1
2010-10-30,79,Clear,"13 mph, R To L",Elvis Andrus,462101,R,Jeremy Affeldt,346793,L,Single,single,Elvis Andrus singles on a ground ball to center fielder Andres Torres.,TEX,SF,286349,7,bottom,54,286349-462101-346793-7-54-6,Rangers Ballpark in Arlington,4,1
2010-10-30,79,Clear,"13 mph, R To L",Michael Young,276545,R,Jeremy Affeldt,346793,L,Grounded Into DP,grounded_into_double_play,"Michael Young grounds into a double play, third baseman Juan Uribe to second baseman Freddy Sanchez to first baseman Aubrey Huff.   Elvis Andrus out at 2nd.    Michael Young out at 1st.",TEX,SF,286349,7,bottom,55,286349-276545-346793-7-55-3,Rangers Ballpark in Arlington,4,1
2010-10-30,79,Clear,"13 mph, R To L",Edgar Renteria,121074,R,Colby Lewis,407890,R,Pop Out,field_out,Edgar Renteria pops out to second baseman Ian Kinsler.,TEX,SF,286349,8,top,56,286349-121074-407890-8-56-3,Rangers Ballpark in Arlington,4,1
2010-10-30,79,Clear,"13 mph, R To L",Andres Torres,400083,L,Colby Lewis,407890,R,Home Run,home_run,Andres Torres homers (17) on a fly ball to right field.,TEX,SF,286349,8,top,57,286349-400083-407890-8-57-3,Rangers Ballpark in Arlington,4,2
2010-10-30,79,Clear,"13 mph, R To L",Freddy Sanchez,408108,R,Colby Lewis,407890,R,Lineout,field_out,Freddy Sanchez lines out to left fielder Nelson Cruz.,TEX,SF,286349,8,top,58,286349-408108-407890-8-58-1,Rangers Ballpark in Arlington,4,2
2010-10-30,79,Clear,"13 mph, R To L",Aubrey Huff,333492,L,Colby Lewis,407890,R,Hit By Pitch,hit_by_pitch,Aubrey Huff hit by pitch.,TEX,SF,286349,8,top,59,286349-333492-407890-8-59-3,Rangers Ballpark in Arlington,4,2
2010-10-30,79,Clear,"13 mph, R To L",Buster Posey,457763,R,Darren O'Day,503285,R,Groundout,field_out,"Buster Posey grounds out, shortstop Elvis Andrus to first baseman Mitch Moreland.",TEX,SF,286349,8,top,60,286349-457763-503285-8-60-10,Rangers Ballpark in Arlington,4,2
2010-10-30,79,Clear,"13 mph, R To L",Josh Hamilton,285078,L,Jeremy Affeldt,346793,L,Flyout,field_out,Josh Hamilton flies out to center fielder Andres Torres.,TEX,SF,286349,8,bottom,61,286349-285078-346793-8-61-6,Rangers Ballpark in Arlington,4,2
2010-10-30,79,Clear,"13 mph, R To L",Vladimir Guerrero,115223,R,Ramon E Ramirez,430673,R,Pop Out,field_out,Vladimir Guerrero pops out to shortstop Edgar Renteria.,TEX,SF,286349,8,bottom,62,286349-115223-430673-8-62-3,Rangers Ballpark in Arlington,4,2
2010-10-30,79,Clear,"13 mph, R To L",Nelson Cruz,443558,R,Ramon E Ramirez,430673,R,Field Error,field_error,Nelson Cruz reaches on a fielding error by shortstop Edgar Renteria.,TEX,SF,286349,8,bottom,63,286349-443558-430673-8-63-3,Rangers Ballpark in Arlington,4,2
2010-10-30,79,Clear,"13 mph, R To L",Ian Kinsler,435079,R,Ramon E Ramirez,430673,R,Strikeout,strikeout,Ian Kinsler strikes out swinging.,TEX,SF,286349,8,bottom,64,286349-435079-430673-8-64-3,Rangers Ballpark in Arlington,4,2
2010-10-30,79,Clear,"13 mph, R To L",Pat Burrell,150100,R,Neftali Feliz,491703,R,Strikeout,strikeout,Pat Burrell strikes out swinging.,TEX,SF,286349,9,top,65,286349-150100-491703-9-65-5,Rangers Ballpark in Arlington,4,2
2010-10-30,79,Clear,"13 mph, R To L",Cody Ross,425496,R,Neftali Feliz,491703,R,Flyout,field_out,Cody Ross flies out to right fielder Jeff Francoeur.,TEX,SF,286349,9,top,66,286349-425496-491703-9-66-3,Rangers Ballpark in Arlington,4,2
2010-10-30,79,Clear,"13 mph, R To L",Juan Uribe,346874,R,Neftali Feliz,491703,R,Strikeout,strikeout,Juan Uribe strikes out swinging.,TEX,SF,286349,9,top,67,286349-346874-491703-9-67-6,Rangers Ballpark in Arlington,4,2